original_image,mask_image,data_split
./data_Image/Images/bus_0001-l.png,./data_Image/Mask/bus_0001-l.png,Test
./data_Image/Images/bus_0001-r.png,./data_Image/Mask/bus_0001-r.png,Train
./data_Image/Images/bus_0002-l.png,./data_Image/Mask/bus_0002-l.png,Train
./data_Image/Images/bus_0002-r.png,./data_Image/Mask/bus_0002-r.png,Train
./data_Image/Images/bus_0003-l.png,./data_Image/Mask/bus_0003-l.png,Validation
./data_Image/Images/bus_0003-r.png,./data_Image/Mask/bus_0003-r.png,Train
./data_Image/Images/bus_0004-l.png,./data_Image/Mask/bus_0004-l.png,Test
./data_Image/Images/bus_0004-r.png,./data_Image/Mask/bus_0004-r.png,Train
./data_Image/Images/bus_0005-l.png,./data_Image/Mask/bus_0005-l.png,Train
./data_Image/Images/bus_0005-r.png,./data_Image/Mask/bus_0005-r.png,Validation
./data_Image/Images/bus_0006-s.png,./data_Image/Mask/bus_0006-s.png,Train
./data_Image/Images/bus_0007-l.png,./data_Image/Mask/bus_0007-l.png,Train
./data_Image/Images/bus_0007-r.png,./data_Image/Mask/bus_0007-r.png,Train
./data_Image/Images/bus_0008-l.png,./data_Image/Mask/bus_0008-l.png,Train
./data_Image/Images/bus_0008-r.png,./data_Image/Mask/bus_0008-r.png,Train
./data_Image/Images/bus_0009-l.png,./data_Image/Mask/bus_0009-l.png,Train
./data_Image/Images/bus_0009-r.png,./data_Image/Mask/bus_0009-r.png,Train
./data_Image/Images/bus_0010-l.png,./data_Image/Mask/bus_0010-l.png,Train
./data_Image/Images/bus_0010-r.png,./data_Image/Mask/bus_0010-r.png,Validation
./data_Image/Images/bus_0011-l.png,./data_Image/Mask/bus_0011-l.png,Train
./data_Image/Images/bus_0011-r.png,./data_Image/Mask/bus_0011-r.png,Train
./data_Image/Images/bus_0012-l.png,./data_Image/Mask/bus_0012-l.png,Train
./data_Image/Images/bus_0012-r.png,./data_Image/Mask/bus_0012-r.png,Train
./data_Image/Images/bus_0013-l.png,./data_Image/Mask/bus_0013-l.png,Train
./data_Image/Images/bus_0013-r.png,./data_Image/Mask/bus_0013-r.png,Train
./data_Image/Images/bus_0014-s.png,./data_Image/Mask/bus_0014-s.png,Train
./data_Image/Images/bus_0015-s.png,./data_Image/Mask/bus_0015-s.png,Validation
./data_Image/Images/bus_0016-l.png,./data_Image/Mask/bus_0016-l.png,Train
./data_Image/Images/bus_0016-r.png,./data_Image/Mask/bus_0016-r.png,Validation
./data_Image/Images/bus_0017-s.png,./data_Image/Mask/bus_0017-s.png,Train
./data_Image/Images/bus_0018-s.png,./data_Image/Mask/bus_0018-s.png,Train
./data_Image/Images/bus_0019-l.png,./data_Image/Mask/bus_0019-l.png,Train
./data_Image/Images/bus_0019-r.png,./data_Image/Mask/bus_0019-r.png,Train
./data_Image/Images/bus_0020-l.png,./data_Image/Mask/bus_0020-l.png,Train
./data_Image/Images/bus_0020-r.png,./data_Image/Mask/bus_0020-r.png,Train
./data_Image/Images/bus_0021-l.png,./data_Image/Mask/bus_0021-l.png,Train
./data_Image/Images/bus_0021-r.png,./data_Image/Mask/bus_0021-r.png,Train
./data_Image/Images/bus_0022-l.png,./data_Image/Mask/bus_0022-l.png,Train
./data_Image/Images/bus_0022-r.png,./data_Image/Mask/bus_0022-r.png,Train
./data_Image/Images/bus_0023-l.png,./data_Image/Mask/bus_0023-l.png,Train
./data_Image/Images/bus_0023-r.png,./data_Image/Mask/bus_0023-r.png,Test
./data_Image/Images/bus_0024-l.png,./data_Image/Mask/bus_0024-l.png,Train
./data_Image/Images/bus_0024-r.png,./data_Image/Mask/bus_0024-r.png,Validation
./data_Image/Images/bus_0025-l.png,./data_Image/Mask/bus_0025-l.png,Validation
./data_Image/Images/bus_0025-r.png,./data_Image/Mask/bus_0025-r.png,Train
./data_Image/Images/bus_0026-s.png,./data_Image/Mask/bus_0026-s.png,Train
./data_Image/Images/bus_0027-l.png,./data_Image/Mask/bus_0027-l.png,Validation
./data_Image/Images/bus_0027-r.png,./data_Image/Mask/bus_0027-r.png,Train
./data_Image/Images/bus_0028-l.png,./data_Image/Mask/bus_0028-l.png,Validation
./data_Image/Images/bus_0028-r.png,./data_Image/Mask/bus_0028-r.png,Train
./data_Image/Images/bus_0029-s.png,./data_Image/Mask/bus_0029-s.png,Validation
./data_Image/Images/bus_0030-s.png,./data_Image/Mask/bus_0030-s.png,Train
./data_Image/Images/bus_0031-s.png,./data_Image/Mask/bus_0031-s.png,Train
./data_Image/Images/bus_0032-l.png,./data_Image/Mask/bus_0032-l.png,Validation
./data_Image/Images/bus_0032-r.png,./data_Image/Mask/bus_0032-r.png,Train
./data_Image/Images/bus_0033-l.png,./data_Image/Mask/bus_0033-l.png,Test
./data_Image/Images/bus_0033-r.png,./data_Image/Mask/bus_0033-r.png,Train
./data_Image/Images/bus_0034-l.png,./data_Image/Mask/bus_0034-l.png,Train
./data_Image/Images/bus_0034-r.png,./data_Image/Mask/bus_0034-r.png,Train
./data_Image/Images/bus_0035-l.png,./data_Image/Mask/bus_0035-l.png,Validation
./data_Image/Images/bus_0035-r.png,./data_Image/Mask/bus_0035-r.png,Train
./data_Image/Images/bus_0036-l.png,./data_Image/Mask/bus_0036-l.png,Validation
./data_Image/Images/bus_0036-r.png,./data_Image/Mask/bus_0036-r.png,Train
./data_Image/Images/bus_0037-s.png,./data_Image/Mask/bus_0037-s.png,Validation
./data_Image/Images/bus_0038-s.png,./data_Image/Mask/bus_0038-s.png,Train
./data_Image/Images/bus_0039-l.png,./data_Image/Mask/bus_0039-l.png,Test
./data_Image/Images/bus_0039-r.png,./data_Image/Mask/bus_0039-r.png,Train
./data_Image/Images/bus_0040-s.png,./data_Image/Mask/bus_0040-s.png,Train
./data_Image/Images/bus_0041-l.png,./data_Image/Mask/bus_0041-l.png,Validation
./data_Image/Images/bus_0041-r.png,./data_Image/Mask/bus_0041-r.png,Train
./data_Image/Images/bus_0042-l.png,./data_Image/Mask/bus_0042-l.png,Validation
./data_Image/Images/bus_0042-r.png,./data_Image/Mask/bus_0042-r.png,Validation
./data_Image/Images/bus_0043-s.png,./data_Image/Mask/bus_0043-s.png,Validation
./data_Image/Images/bus_0044-l.png,./data_Image/Mask/bus_0044-l.png,Train
./data_Image/Images/bus_0044-r.png,./data_Image/Mask/bus_0044-r.png,Train
./data_Image/Images/bus_0045-l.png,./data_Image/Mask/bus_0045-l.png,Test
./data_Image/Images/bus_0045-r.png,./data_Image/Mask/bus_0045-r.png,Validation
./data_Image/Images/bus_0046-l.png,./data_Image/Mask/bus_0046-l.png,Test
./data_Image/Images/bus_0046-r.png,./data_Image/Mask/bus_0046-r.png,Train
./data_Image/Images/bus_0047-l.png,./data_Image/Mask/bus_0047-l.png,Test
./data_Image/Images/bus_0047-r.png,./data_Image/Mask/bus_0047-r.png,Train
./data_Image/Images/bus_0048-l.png,./data_Image/Mask/bus_0048-l.png,Train
./data_Image/Images/bus_0048-r.png,./data_Image/Mask/bus_0048-r.png,Train
./data_Image/Images/bus_0049-l.png,./data_Image/Mask/bus_0049-l.png,Train
./data_Image/Images/bus_0049-r.png,./data_Image/Mask/bus_0049-r.png,Train
./data_Image/Images/bus_0050-l.png,./data_Image/Mask/bus_0050-l.png,Train
./data_Image/Images/bus_0050-r.png,./data_Image/Mask/bus_0050-r.png,Train
./data_Image/Images/bus_0051-l.png,./data_Image/Mask/bus_0051-l.png,Train
./data_Image/Images/bus_0051-r.png,./data_Image/Mask/bus_0051-r.png,Test
./data_Image/Images/bus_0052-l.png,./data_Image/Mask/bus_0052-l.png,Train
./data_Image/Images/bus_0052-r.png,./data_Image/Mask/bus_0052-r.png,Train
./data_Image/Images/bus_0053-l.png,./data_Image/Mask/bus_0053-l.png,Train
./data_Image/Images/bus_0053-r.png,./data_Image/Mask/bus_0053-r.png,Test
./data_Image/Images/bus_0054-s.png,./data_Image/Mask/bus_0054-s.png,Train
./data_Image/Images/bus_0055-l.png,./data_Image/Mask/bus_0055-l.png,Validation
./data_Image/Images/bus_0055-r.png,./data_Image/Mask/bus_0055-r.png,Train
./data_Image/Images/bus_0056-l.png,./data_Image/Mask/bus_0056-l.png,Train
./data_Image/Images/bus_0056-r.png,./data_Image/Mask/bus_0056-r.png,Train
./data_Image/Images/bus_0057-l.png,./data_Image/Mask/bus_0057-l.png,Train
./data_Image/Images/bus_0057-r.png,./data_Image/Mask/bus_0057-r.png,Train
./data_Image/Images/bus_0058-l.png,./data_Image/Mask/bus_0058-l.png,Train
./data_Image/Images/bus_0058-r.png,./data_Image/Mask/bus_0058-r.png,Test
./data_Image/Images/bus_0059-l.png,./data_Image/Mask/bus_0059-l.png,Validation
./data_Image/Images/bus_0059-r.png,./data_Image/Mask/bus_0059-r.png,Train
./data_Image/Images/bus_0060-l.png,./data_Image/Mask/bus_0060-l.png,Train
./data_Image/Images/bus_0060-r.png,./data_Image/Mask/bus_0060-r.png,Train
./data_Image/Images/bus_0061-l.png,./data_Image/Mask/bus_0061-l.png,Train
./data_Image/Images/bus_0061-r.png,./data_Image/Mask/bus_0061-r.png,Train
./data_Image/Images/bus_0062-l.png,./data_Image/Mask/bus_0062-l.png,Validation
./data_Image/Images/bus_0062-r.png,./data_Image/Mask/bus_0062-r.png,Test
./data_Image/Images/bus_0063-s.png,./data_Image/Mask/bus_0063-s.png,Train
./data_Image/Images/bus_0064-s.png,./data_Image/Mask/bus_0064-s.png,Validation
./data_Image/Images/bus_0065-l.png,./data_Image/Mask/bus_0065-l.png,Train
./data_Image/Images/bus_0065-r.png,./data_Image/Mask/bus_0065-r.png,Train
./data_Image/Images/bus_0066-l.png,./data_Image/Mask/bus_0066-l.png,Train
./data_Image/Images/bus_0066-r.png,./data_Image/Mask/bus_0066-r.png,Test
./data_Image/Images/bus_0067-l.png,./data_Image/Mask/bus_0067-l.png,Test
./data_Image/Images/bus_0067-r.png,./data_Image/Mask/bus_0067-r.png,Validation
./data_Image/Images/bus_0068-l.png,./data_Image/Mask/bus_0068-l.png,Train
./data_Image/Images/bus_0068-r.png,./data_Image/Mask/bus_0068-r.png,Train
./data_Image/Images/bus_0069-l.png,./data_Image/Mask/bus_0069-l.png,Train
./data_Image/Images/bus_0069-r.png,./data_Image/Mask/bus_0069-r.png,Train
./data_Image/Images/bus_0070-l.png,./data_Image/Mask/bus_0070-l.png,Train
./data_Image/Images/bus_0070-r.png,./data_Image/Mask/bus_0070-r.png,Train
./data_Image/Images/bus_0071-l.png,./data_Image/Mask/bus_0071-l.png,Train
./data_Image/Images/bus_0071-r.png,./data_Image/Mask/bus_0071-r.png,Train
./data_Image/Images/bus_0072-l.png,./data_Image/Mask/bus_0072-l.png,Train
./data_Image/Images/bus_0072-r.png,./data_Image/Mask/bus_0072-r.png,Validation
./data_Image/Images/bus_0073-l.png,./data_Image/Mask/bus_0073-l.png,Train
./data_Image/Images/bus_0073-r.png,./data_Image/Mask/bus_0073-r.png,Train
./data_Image/Images/bus_0074-s.png,./data_Image/Mask/bus_0074-s.png,Train
./data_Image/Images/bus_0075-l.png,./data_Image/Mask/bus_0075-l.png,Train
./data_Image/Images/bus_0075-r.png,./data_Image/Mask/bus_0075-r.png,Train
./data_Image/Images/bus_0076-l.png,./data_Image/Mask/bus_0076-l.png,Train
./data_Image/Images/bus_0076-r.png,./data_Image/Mask/bus_0076-r.png,Train
./data_Image/Images/bus_0077-s.png,./data_Image/Mask/bus_0077-s.png,Validation
./data_Image/Images/bus_0078-s.png,./data_Image/Mask/bus_0078-s.png,Train
./data_Image/Images/bus_0079-l.png,./data_Image/Mask/bus_0079-l.png,Validation
./data_Image/Images/bus_0079-r.png,./data_Image/Mask/bus_0079-r.png,Train
./data_Image/Images/bus_0080-l.png,./data_Image/Mask/bus_0080-l.png,Validation
./data_Image/Images/bus_0080-r.png,./data_Image/Mask/bus_0080-r.png,Train
./data_Image/Images/bus_0081-s.png,./data_Image/Mask/bus_0081-s.png,Test
./data_Image/Images/bus_0082-s.png,./data_Image/Mask/bus_0082-s.png,Train
./data_Image/Images/bus_0083-l.png,./data_Image/Mask/bus_0083-l.png,Train
./data_Image/Images/bus_0083-r.png,./data_Image/Mask/bus_0083-r.png,Train
./data_Image/Images/bus_0084-l.png,./data_Image/Mask/bus_0084-l.png,Train
./data_Image/Images/bus_0084-r.png,./data_Image/Mask/bus_0084-r.png,Test
./data_Image/Images/bus_0085-l.png,./data_Image/Mask/bus_0085-l.png,Train
./data_Image/Images/bus_0085-r.png,./data_Image/Mask/bus_0085-r.png,Train
./data_Image/Images/bus_0086-l.png,./data_Image/Mask/bus_0086-l.png,Test
./data_Image/Images/bus_0086-r.png,./data_Image/Mask/bus_0086-r.png,Test
./data_Image/Images/bus_0087-l.png,./data_Image/Mask/bus_0087-l.png,Test
./data_Image/Images/bus_0087-r.png,./data_Image/Mask/bus_0087-r.png,Train
./data_Image/Images/bus_0088-s.png,./data_Image/Mask/bus_0088-s.png,Train
./data_Image/Images/bus_0089-s.png,./data_Image/Mask/bus_0089-s.png,Train
./data_Image/Images/bus_0090-l.png,./data_Image/Mask/bus_0090-l.png,Train
./data_Image/Images/bus_0090-r.png,./data_Image/Mask/bus_0090-r.png,Test
./data_Image/Images/bus_0091-l.png,./data_Image/Mask/bus_0091-l.png,Train
./data_Image/Images/bus_0091-r.png,./data_Image/Mask/bus_0091-r.png,Validation
./data_Image/Images/bus_0092-l.png,./data_Image/Mask/bus_0092-l.png,Train
./data_Image/Images/bus_0092-r.png,./data_Image/Mask/bus_0092-r.png,Test
./data_Image/Images/bus_0093-s.png,./data_Image/Mask/bus_0093-s.png,Train
./data_Image/Images/bus_0094-l.png,./data_Image/Mask/bus_0094-l.png,Test
./data_Image/Images/bus_0094-r.png,./data_Image/Mask/bus_0094-r.png,Train
./data_Image/Images/bus_0095-s.png,./data_Image/Mask/bus_0095-s.png,Validation
./data_Image/Images/bus_0096-s.png,./data_Image/Mask/bus_0096-s.png,Train
./data_Image/Images/bus_0097-l.png,./data_Image/Mask/bus_0097-l.png,Train
./data_Image/Images/bus_0097-r.png,./data_Image/Mask/bus_0097-r.png,Train
./data_Image/Images/bus_0098-l.png,./data_Image/Mask/bus_0098-l.png,Train
./data_Image/Images/bus_0098-r.png,./data_Image/Mask/bus_0098-r.png,Validation
./data_Image/Images/bus_0099-l.png,./data_Image/Mask/bus_0099-l.png,Validation
./data_Image/Images/bus_0099-r.png,./data_Image/Mask/bus_0099-r.png,Train
./data_Image/Images/bus_0100-l.png,./data_Image/Mask/bus_0100-l.png,Train
./data_Image/Images/bus_0100-r.png,./data_Image/Mask/bus_0100-r.png,Validation
./data_Image/Images/bus_0101-l.png,./data_Image/Mask/bus_0101-l.png,Train
./data_Image/Images/bus_0101-r.png,./data_Image/Mask/bus_0101-r.png,Test
./data_Image/Images/bus_0102-l.png,./data_Image/Mask/bus_0102-l.png,Train
./data_Image/Images/bus_0102-r.png,./data_Image/Mask/bus_0102-r.png,Train
./data_Image/Images/bus_0103-s.png,./data_Image/Mask/bus_0103-s.png,Train
./data_Image/Images/bus_0104-s.png,./data_Image/Mask/bus_0104-s.png,Train
./data_Image/Images/bus_0105-l.png,./data_Image/Mask/bus_0105-l.png,Train
./data_Image/Images/bus_0105-r.png,./data_Image/Mask/bus_0105-r.png,Train
./data_Image/Images/bus_0106-l.png,./data_Image/Mask/bus_0106-l.png,Validation
./data_Image/Images/bus_0106-r.png,./data_Image/Mask/bus_0106-r.png,Test
./data_Image/Images/bus_0107-l.png,./data_Image/Mask/bus_0107-l.png,Train
./data_Image/Images/bus_0107-r.png,./data_Image/Mask/bus_0107-r.png,Validation
./data_Image/Images/bus_0108-l.png,./data_Image/Mask/bus_0108-l.png,Test
./data_Image/Images/bus_0108-r.png,./data_Image/Mask/bus_0108-r.png,Train
./data_Image/Images/bus_0109-s.png,./data_Image/Mask/bus_0109-s.png,Train
./data_Image/Images/bus_0110-l.png,./data_Image/Mask/bus_0110-l.png,Test
./data_Image/Images/bus_0110-r.png,./data_Image/Mask/bus_0110-r.png,Train
./data_Image/Images/bus_0111-l.png,./data_Image/Mask/bus_0111-l.png,Train
./data_Image/Images/bus_0111-r.png,./data_Image/Mask/bus_0111-r.png,Train
./data_Image/Images/bus_0112-l.png,./data_Image/Mask/bus_0112-l.png,Validation
./data_Image/Images/bus_0112-r.png,./data_Image/Mask/bus_0112-r.png,Test
./data_Image/Images/bus_0113-s.png,./data_Image/Mask/bus_0113-s.png,Train
./data_Image/Images/bus_0114-s.png,./data_Image/Mask/bus_0114-s.png,Test
./data_Image/Images/bus_0115-l.png,./data_Image/Mask/bus_0115-l.png,Test
./data_Image/Images/bus_0115-r.png,./data_Image/Mask/bus_0115-r.png,Train
./data_Image/Images/bus_0116-l.png,./data_Image/Mask/bus_0116-l.png,Test
./data_Image/Images/bus_0116-r.png,./data_Image/Mask/bus_0116-r.png,Train
./data_Image/Images/bus_0117-l.png,./data_Image/Mask/bus_0117-l.png,Validation
./data_Image/Images/bus_0117-r.png,./data_Image/Mask/bus_0117-r.png,Train
./data_Image/Images/bus_0118-l.png,./data_Image/Mask/bus_0118-l.png,Train
./data_Image/Images/bus_0118-r.png,./data_Image/Mask/bus_0118-r.png,Train
./data_Image/Images/bus_0119-l.png,./data_Image/Mask/bus_0119-l.png,Train
./data_Image/Images/bus_0119-r.png,./data_Image/Mask/bus_0119-r.png,Train
./data_Image/Images/bus_0120-l.png,./data_Image/Mask/bus_0120-l.png,Train
./data_Image/Images/bus_0120-r.png,./data_Image/Mask/bus_0120-r.png,Train
./data_Image/Images/bus_0121-s.png,./data_Image/Mask/bus_0121-s.png,Test
./data_Image/Images/bus_0122-s.png,./data_Image/Mask/bus_0122-s.png,Train
./data_Image/Images/bus_0123-l.png,./data_Image/Mask/bus_0123-l.png,Train
./data_Image/Images/bus_0123-r.png,./data_Image/Mask/bus_0123-r.png,Train
./data_Image/Images/bus_0124-l.png,./data_Image/Mask/bus_0124-l.png,Validation
./data_Image/Images/bus_0124-r.png,./data_Image/Mask/bus_0124-r.png,Validation
./data_Image/Images/bus_0125-l.png,./data_Image/Mask/bus_0125-l.png,Train
./data_Image/Images/bus_0125-r.png,./data_Image/Mask/bus_0125-r.png,Validation
./data_Image/Images/bus_0126-s.png,./data_Image/Mask/bus_0126-s.png,Train
./data_Image/Images/bus_0127-s.png,./data_Image/Mask/bus_0127-s.png,Train
./data_Image/Images/bus_0128-s.png,./data_Image/Mask/bus_0128-s.png,Train
./data_Image/Images/bus_0129-l.png,./data_Image/Mask/bus_0129-l.png,Test
./data_Image/Images/bus_0129-r.png,./data_Image/Mask/bus_0129-r.png,Train
./data_Image/Images/bus_0130-l.png,./data_Image/Mask/bus_0130-l.png,Train
./data_Image/Images/bus_0130-r.png,./data_Image/Mask/bus_0130-r.png,Test
./data_Image/Images/bus_0131-l.png,./data_Image/Mask/bus_0131-l.png,Train
./data_Image/Images/bus_0131-r.png,./data_Image/Mask/bus_0131-r.png,Train
./data_Image/Images/bus_0132-l.png,./data_Image/Mask/bus_0132-l.png,Test
./data_Image/Images/bus_0132-r.png,./data_Image/Mask/bus_0132-r.png,Test
./data_Image/Images/bus_0133-l.png,./data_Image/Mask/bus_0133-l.png,Train
./data_Image/Images/bus_0133-r.png,./data_Image/Mask/bus_0133-r.png,Train
./data_Image/Images/bus_0134-l.png,./data_Image/Mask/bus_0134-l.png,Train
./data_Image/Images/bus_0134-r.png,./data_Image/Mask/bus_0134-r.png,Train
./data_Image/Images/bus_0135-l.png,./data_Image/Mask/bus_0135-l.png,Train
./data_Image/Images/bus_0135-r.png,./data_Image/Mask/bus_0135-r.png,Train
./data_Image/Images/bus_0136-l.png,./data_Image/Mask/bus_0136-l.png,Train
./data_Image/Images/bus_0136-r.png,./data_Image/Mask/bus_0136-r.png,Train
./data_Image/Images/bus_0137-l.png,./data_Image/Mask/bus_0137-l.png,Train
./data_Image/Images/bus_0137-r.png,./data_Image/Mask/bus_0137-r.png,Train
./data_Image/Images/bus_0138-s.png,./data_Image/Mask/bus_0138-s.png,Validation
./data_Image/Images/bus_0139-l.png,./data_Image/Mask/bus_0139-l.png,Train
./data_Image/Images/bus_0139-r.png,./data_Image/Mask/bus_0139-r.png,Train
./data_Image/Images/bus_0140-l.png,./data_Image/Mask/bus_0140-l.png,Train
./data_Image/Images/bus_0140-r.png,./data_Image/Mask/bus_0140-r.png,Train
./data_Image/Images/bus_0141-l.png,./data_Image/Mask/bus_0141-l.png,Train
./data_Image/Images/bus_0141-r.png,./data_Image/Mask/bus_0141-r.png,Train
./data_Image/Images/bus_0142-l.png,./data_Image/Mask/bus_0142-l.png,Test
./data_Image/Images/bus_0142-r.png,./data_Image/Mask/bus_0142-r.png,Test
./data_Image/Images/bus_0143-l.png,./data_Image/Mask/bus_0143-l.png,Train
./data_Image/Images/bus_0143-r.png,./data_Image/Mask/bus_0143-r.png,Train
./data_Image/Images/bus_0144-l.png,./data_Image/Mask/bus_0144-l.png,Train
./data_Image/Images/bus_0144-r.png,./data_Image/Mask/bus_0144-r.png,Validation
./data_Image/Images/bus_0145-l.png,./data_Image/Mask/bus_0145-l.png,Validation
./data_Image/Images/bus_0145-r.png,./data_Image/Mask/bus_0145-r.png,Train
./data_Image/Images/bus_0146-l.png,./data_Image/Mask/bus_0146-l.png,Test
./data_Image/Images/bus_0146-r.png,./data_Image/Mask/bus_0146-r.png,Train
./data_Image/Images/bus_0147-l.png,./data_Image/Mask/bus_0147-l.png,Train
./data_Image/Images/bus_0147-r.png,./data_Image/Mask/bus_0147-r.png,Test
./data_Image/Images/bus_0148-l.png,./data_Image/Mask/bus_0148-l.png,Train
./data_Image/Images/bus_0148-r.png,./data_Image/Mask/bus_0148-r.png,Validation
./data_Image/Images/bus_0149-l.png,./data_Image/Mask/bus_0149-l.png,Train
./data_Image/Images/bus_0149-r.png,./data_Image/Mask/bus_0149-r.png,Validation
./data_Image/Images/bus_0150-l.png,./data_Image/Mask/bus_0150-l.png,Test
./data_Image/Images/bus_0150-r.png,./data_Image/Mask/bus_0150-r.png,Train
./data_Image/Images/bus_0151-l.png,./data_Image/Mask/bus_0151-l.png,Train
./data_Image/Images/bus_0151-r.png,./data_Image/Mask/bus_0151-r.png,Train
./data_Image/Images/bus_0152-l.png,./data_Image/Mask/bus_0152-l.png,Train
./data_Image/Images/bus_0152-r.png,./data_Image/Mask/bus_0152-r.png,Train
./data_Image/Images/bus_0153-l.png,./data_Image/Mask/bus_0153-l.png,Train
./data_Image/Images/bus_0153-r.png,./data_Image/Mask/bus_0153-r.png,Validation
./data_Image/Images/bus_0154-l.png,./data_Image/Mask/bus_0154-l.png,Train
./data_Image/Images/bus_0154-r.png,./data_Image/Mask/bus_0154-r.png,Train
./data_Image/Images/bus_0155-l.png,./data_Image/Mask/bus_0155-l.png,Train
./data_Image/Images/bus_0155-r.png,./data_Image/Mask/bus_0155-r.png,Test
./data_Image/Images/bus_0156-l.png,./data_Image/Mask/bus_0156-l.png,Test
./data_Image/Images/bus_0156-r.png,./data_Image/Mask/bus_0156-r.png,Train
./data_Image/Images/bus_0157-l.png,./data_Image/Mask/bus_0157-l.png,Train
./data_Image/Images/bus_0157-r.png,./data_Image/Mask/bus_0157-r.png,Validation
./data_Image/Images/bus_0158-l.png,./data_Image/Mask/bus_0158-l.png,Train
./data_Image/Images/bus_0158-r.png,./data_Image/Mask/bus_0158-r.png,Train
./data_Image/Images/bus_0159-l.png,./data_Image/Mask/bus_0159-l.png,Train
./data_Image/Images/bus_0159-r.png,./data_Image/Mask/bus_0159-r.png,Train
./data_Image/Images/bus_0160-l.png,./data_Image/Mask/bus_0160-l.png,Train
./data_Image/Images/bus_0160-r.png,./data_Image/Mask/bus_0160-r.png,Train
./data_Image/Images/bus_0161-l.png,./data_Image/Mask/bus_0161-l.png,Train
./data_Image/Images/bus_0161-r.png,./data_Image/Mask/bus_0161-r.png,Train
./data_Image/Images/bus_0162-l.png,./data_Image/Mask/bus_0162-l.png,Train
./data_Image/Images/bus_0162-r.png,./data_Image/Mask/bus_0162-r.png,Train
./data_Image/Images/bus_0163-l.png,./data_Image/Mask/bus_0163-l.png,Train
./data_Image/Images/bus_0163-r.png,./data_Image/Mask/bus_0163-r.png,Validation
./data_Image/Images/bus_0164-l.png,./data_Image/Mask/bus_0164-l.png,Validation
./data_Image/Images/bus_0164-r.png,./data_Image/Mask/bus_0164-r.png,Train
./data_Image/Images/bus_0165-l.png,./data_Image/Mask/bus_0165-l.png,Train
./data_Image/Images/bus_0165-r.png,./data_Image/Mask/bus_0165-r.png,Train
./data_Image/Images/bus_0166-l.png,./data_Image/Mask/bus_0166-l.png,Train
./data_Image/Images/bus_0166-r.png,./data_Image/Mask/bus_0166-r.png,Test
./data_Image/Images/bus_0167-l.png,./data_Image/Mask/bus_0167-l.png,Train
./data_Image/Images/bus_0167-r.png,./data_Image/Mask/bus_0167-r.png,Validation
./data_Image/Images/bus_0168-l.png,./data_Image/Mask/bus_0168-l.png,Train
./data_Image/Images/bus_0168-r.png,./data_Image/Mask/bus_0168-r.png,Train
./data_Image/Images/bus_0169-l.png,./data_Image/Mask/bus_0169-l.png,Train
./data_Image/Images/bus_0169-r.png,./data_Image/Mask/bus_0169-r.png,Train
./data_Image/Images/bus_0170-l.png,./data_Image/Mask/bus_0170-l.png,Train
./data_Image/Images/bus_0170-r.png,./data_Image/Mask/bus_0170-r.png,Train
./data_Image/Images/bus_0171-l.png,./data_Image/Mask/bus_0171-l.png,Test
./data_Image/Images/bus_0171-r.png,./data_Image/Mask/bus_0171-r.png,Train
./data_Image/Images/bus_0172-l.png,./data_Image/Mask/bus_0172-l.png,Train
./data_Image/Images/bus_0172-r.png,./data_Image/Mask/bus_0172-r.png,Train
./data_Image/Images/bus_0173-l.png,./data_Image/Mask/bus_0173-l.png,Train
./data_Image/Images/bus_0173-r.png,./data_Image/Mask/bus_0173-r.png,Test
./data_Image/Images/bus_0174-l.png,./data_Image/Mask/bus_0174-l.png,Train
./data_Image/Images/bus_0174-r.png,./data_Image/Mask/bus_0174-r.png,Test
./data_Image/Images/bus_0175-l.png,./data_Image/Mask/bus_0175-l.png,Test
./data_Image/Images/bus_0175-r.png,./data_Image/Mask/bus_0175-r.png,Test
./data_Image/Images/bus_0176-l.png,./data_Image/Mask/bus_0176-l.png,Train
./data_Image/Images/bus_0176-r.png,./data_Image/Mask/bus_0176-r.png,Validation
./data_Image/Images/bus_0177-l.png,./data_Image/Mask/bus_0177-l.png,Test
./data_Image/Images/bus_0177-r.png,./data_Image/Mask/bus_0177-r.png,Train
./data_Image/Images/bus_0178-l.png,./data_Image/Mask/bus_0178-l.png,Train
./data_Image/Images/bus_0178-r.png,./data_Image/Mask/bus_0178-r.png,Train
./data_Image/Images/bus_0179-l.png,./data_Image/Mask/bus_0179-l.png,Test
./data_Image/Images/bus_0179-r.png,./data_Image/Mask/bus_0179-r.png,Train
./data_Image/Images/bus_0180-l.png,./data_Image/Mask/bus_0180-l.png,Validation
./data_Image/Images/bus_0180-r.png,./data_Image/Mask/bus_0180-r.png,Validation
./data_Image/Images/bus_0181-s.png,./data_Image/Mask/bus_0181-s.png,Test
./data_Image/Images/bus_0182-l.png,./data_Image/Mask/bus_0182-l.png,Train
./data_Image/Images/bus_0182-r.png,./data_Image/Mask/bus_0182-r.png,Train
./data_Image/Images/bus_0183-l.png,./data_Image/Mask/bus_0183-l.png,Train
./data_Image/Images/bus_0183-r.png,./data_Image/Mask/bus_0183-r.png,Train
./data_Image/Images/bus_0184-l.png,./data_Image/Mask/bus_0184-l.png,Train
./data_Image/Images/bus_0184-r.png,./data_Image/Mask/bus_0184-r.png,Train
./data_Image/Images/bus_0185-l.png,./data_Image/Mask/bus_0185-l.png,Train
./data_Image/Images/bus_0185-r.png,./data_Image/Mask/bus_0185-r.png,Train
./data_Image/Images/bus_0186-l.png,./data_Image/Mask/bus_0186-l.png,Test
./data_Image/Images/bus_0186-r.png,./data_Image/Mask/bus_0186-r.png,Validation
./data_Image/Images/bus_0187-l.png,./data_Image/Mask/bus_0187-l.png,Train
./data_Image/Images/bus_0187-r.png,./data_Image/Mask/bus_0187-r.png,Train
./data_Image/Images/bus_0188-l.png,./data_Image/Mask/bus_0188-l.png,Train
./data_Image/Images/bus_0188-r.png,./data_Image/Mask/bus_0188-r.png,Test
./data_Image/Images/bus_0189-l.png,./data_Image/Mask/bus_0189-l.png,Train
./data_Image/Images/bus_0189-r.png,./data_Image/Mask/bus_0189-r.png,Test
./data_Image/Images/bus_0190-l.png,./data_Image/Mask/bus_0190-l.png,Validation
./data_Image/Images/bus_0190-r.png,./data_Image/Mask/bus_0190-r.png,Validation
./data_Image/Images/bus_0191-l.png,./data_Image/Mask/bus_0191-l.png,Train
./data_Image/Images/bus_0191-r.png,./data_Image/Mask/bus_0191-r.png,Test
./data_Image/Images/bus_0192-l.png,./data_Image/Mask/bus_0192-l.png,Train
./data_Image/Images/bus_0192-r.png,./data_Image/Mask/bus_0192-r.png,Train
./data_Image/Images/bus_0193-l.png,./data_Image/Mask/bus_0193-l.png,Train
./data_Image/Images/bus_0193-r.png,./data_Image/Mask/bus_0193-r.png,Validation
./data_Image/Images/bus_0194-l.png,./data_Image/Mask/bus_0194-l.png,Train
./data_Image/Images/bus_0194-r.png,./data_Image/Mask/bus_0194-r.png,Train
./data_Image/Images/bus_0195-l.png,./data_Image/Mask/bus_0195-l.png,Test
./data_Image/Images/bus_0195-r.png,./data_Image/Mask/bus_0195-r.png,Train
./data_Image/Images/bus_0196-l.png,./data_Image/Mask/bus_0196-l.png,Test
./data_Image/Images/bus_0196-r.png,./data_Image/Mask/bus_0196-r.png,Train
./data_Image/Images/bus_0197-l.png,./data_Image/Mask/bus_0197-l.png,Train
./data_Image/Images/bus_0197-r.png,./data_Image/Mask/bus_0197-r.png,Test
./data_Image/Images/bus_0198-l.png,./data_Image/Mask/bus_0198-l.png,Test
./data_Image/Images/bus_0198-r.png,./data_Image/Mask/bus_0198-r.png,Train
./data_Image/Images/bus_0199-l.png,./data_Image/Mask/bus_0199-l.png,Train
./data_Image/Images/bus_0199-r.png,./data_Image/Mask/bus_0199-r.png,Validation
./data_Image/Images/bus_0200-s.png,./data_Image/Mask/bus_0200-s.png,Validation
./data_Image/Images/bus_0201-s.png,./data_Image/Mask/bus_0201-s.png,Train
./data_Image/Images/bus_0202-l.png,./data_Image/Mask/bus_0202-l.png,Train
./data_Image/Images/bus_0202-r.png,./data_Image/Mask/bus_0202-r.png,Train
./data_Image/Images/bus_0203-l.png,./data_Image/Mask/bus_0203-l.png,Train
./data_Image/Images/bus_0203-r.png,./data_Image/Mask/bus_0203-r.png,Train
./data_Image/Images/bus_0204-l.png,./data_Image/Mask/bus_0204-l.png,Validation
./data_Image/Images/bus_0204-r.png,./data_Image/Mask/bus_0204-r.png,Train
./data_Image/Images/bus_0205-l.png,./data_Image/Mask/bus_0205-l.png,Validation
./data_Image/Images/bus_0205-r.png,./data_Image/Mask/bus_0205-r.png,Train
./data_Image/Images/bus_0206-l.png,./data_Image/Mask/bus_0206-l.png,Train
./data_Image/Images/bus_0206-r.png,./data_Image/Mask/bus_0206-r.png,Train
./data_Image/Images/bus_0207-l.png,./data_Image/Mask/bus_0207-l.png,Train
./data_Image/Images/bus_0207-r.png,./data_Image/Mask/bus_0207-r.png,Train
./data_Image/Images/bus_0208-l.png,./data_Image/Mask/bus_0208-l.png,Validation
./data_Image/Images/bus_0208-r.png,./data_Image/Mask/bus_0208-r.png,Train
./data_Image/Images/bus_0209-l.png,./data_Image/Mask/bus_0209-l.png,Train
./data_Image/Images/bus_0209-r.png,./data_Image/Mask/bus_0209-r.png,Train
./data_Image/Images/bus_0210-l.png,./data_Image/Mask/bus_0210-l.png,Train
./data_Image/Images/bus_0210-r.png,./data_Image/Mask/bus_0210-r.png,Train
./data_Image/Images/bus_0211-l.png,./data_Image/Mask/bus_0211-l.png,Train
./data_Image/Images/bus_0211-r.png,./data_Image/Mask/bus_0211-r.png,Train
./data_Image/Images/bus_0212-l.png,./data_Image/Mask/bus_0212-l.png,Train
./data_Image/Images/bus_0212-r.png,./data_Image/Mask/bus_0212-r.png,Train
./data_Image/Images/bus_0213-l.png,./data_Image/Mask/bus_0213-l.png,Train
./data_Image/Images/bus_0213-r.png,./data_Image/Mask/bus_0213-r.png,Train
./data_Image/Images/bus_0214-l.png,./data_Image/Mask/bus_0214-l.png,Test
./data_Image/Images/bus_0214-r.png,./data_Image/Mask/bus_0214-r.png,Validation
./data_Image/Images/bus_0215-l.png,./data_Image/Mask/bus_0215-l.png,Test
./data_Image/Images/bus_0215-r.png,./data_Image/Mask/bus_0215-r.png,Train
./data_Image/Images/bus_0216-l.png,./data_Image/Mask/bus_0216-l.png,Validation
./data_Image/Images/bus_0216-r.png,./data_Image/Mask/bus_0216-r.png,Train
./data_Image/Images/bus_0217-l.png,./data_Image/Mask/bus_0217-l.png,Train
./data_Image/Images/bus_0217-r.png,./data_Image/Mask/bus_0217-r.png,Test
./data_Image/Images/bus_0218-l.png,./data_Image/Mask/bus_0218-l.png,Train
./data_Image/Images/bus_0218-r.png,./data_Image/Mask/bus_0218-r.png,Train
./data_Image/Images/bus_0219-l.png,./data_Image/Mask/bus_0219-l.png,Train
./data_Image/Images/bus_0219-r.png,./data_Image/Mask/bus_0219-r.png,Test
./data_Image/Images/bus_0220-l.png,./data_Image/Mask/bus_0220-l.png,Test
./data_Image/Images/bus_0220-r.png,./data_Image/Mask/bus_0220-r.png,Train
./data_Image/Images/bus_0221-l.png,./data_Image/Mask/bus_0221-l.png,Train
./data_Image/Images/bus_0221-r.png,./data_Image/Mask/bus_0221-r.png,Validation
./data_Image/Images/bus_0222-l.png,./data_Image/Mask/bus_0222-l.png,Test
./data_Image/Images/bus_0222-r.png,./data_Image/Mask/bus_0222-r.png,Train
./data_Image/Images/bus_0223-l.png,./data_Image/Mask/bus_0223-l.png,Test
./data_Image/Images/bus_0223-r.png,./data_Image/Mask/bus_0223-r.png,Test
./data_Image/Images/bus_0224-l.png,./data_Image/Mask/bus_0224-l.png,Train
./data_Image/Images/bus_0224-r.png,./data_Image/Mask/bus_0224-r.png,Train
./data_Image/Images/bus_0225-l.png,./data_Image/Mask/bus_0225-l.png,Train
./data_Image/Images/bus_0225-r.png,./data_Image/Mask/bus_0225-r.png,Train
./data_Image/Images/bus_0226-l.png,./data_Image/Mask/bus_0226-l.png,Train
./data_Image/Images/bus_0226-r.png,./data_Image/Mask/bus_0226-r.png,Validation
./data_Image/Images/bus_0227-l.png,./data_Image/Mask/bus_0227-l.png,Validation
./data_Image/Images/bus_0227-r.png,./data_Image/Mask/bus_0227-r.png,Test
./data_Image/Images/bus_0228-l.png,./data_Image/Mask/bus_0228-l.png,Train
./data_Image/Images/bus_0228-r.png,./data_Image/Mask/bus_0228-r.png,Train
./data_Image/Images/bus_0229-l.png,./data_Image/Mask/bus_0229-l.png,Test
./data_Image/Images/bus_0229-r.png,./data_Image/Mask/bus_0229-r.png,Train
./data_Image/Images/bus_0230-l.png,./data_Image/Mask/bus_0230-l.png,Validation
./data_Image/Images/bus_0230-r.png,./data_Image/Mask/bus_0230-r.png,Train
./data_Image/Images/bus_0231-l.png,./data_Image/Mask/bus_0231-l.png,Test
./data_Image/Images/bus_0231-r.png,./data_Image/Mask/bus_0231-r.png,Validation
./data_Image/Images/bus_0232-l.png,./data_Image/Mask/bus_0232-l.png,Test
./data_Image/Images/bus_0232-r.png,./data_Image/Mask/bus_0232-r.png,Train
./data_Image/Images/bus_0233-s.png,./data_Image/Mask/bus_0233-s.png,Test
./data_Image/Images/bus_0234-l.png,./data_Image/Mask/bus_0234-l.png,Train
./data_Image/Images/bus_0234-r.png,./data_Image/Mask/bus_0234-r.png,Train
./data_Image/Images/bus_0235-l.png,./data_Image/Mask/bus_0235-l.png,Train
./data_Image/Images/bus_0235-r.png,./data_Image/Mask/bus_0235-r.png,Train
./data_Image/Images/bus_0236-l.png,./data_Image/Mask/bus_0236-l.png,Train
./data_Image/Images/bus_0236-r.png,./data_Image/Mask/bus_0236-r.png,Train
./data_Image/Images/bus_0237-l.png,./data_Image/Mask/bus_0237-l.png,Train
./data_Image/Images/bus_0237-r.png,./data_Image/Mask/bus_0237-r.png,Train
./data_Image/Images/bus_0238-l.png,./data_Image/Mask/bus_0238-l.png,Train
./data_Image/Images/bus_0238-r.png,./data_Image/Mask/bus_0238-r.png,Train
./data_Image/Images/bus_0239-l.png,./data_Image/Mask/bus_0239-l.png,Train
./data_Image/Images/bus_0239-r.png,./data_Image/Mask/bus_0239-r.png,Train
./data_Image/Images/bus_0240-l.png,./data_Image/Mask/bus_0240-l.png,Train
./data_Image/Images/bus_0240-r.png,./data_Image/Mask/bus_0240-r.png,Train
./data_Image/Images/bus_0241-l.png,./data_Image/Mask/bus_0241-l.png,Train
./data_Image/Images/bus_0241-r.png,./data_Image/Mask/bus_0241-r.png,Train
./data_Image/Images/bus_0242-l.png,./data_Image/Mask/bus_0242-l.png,Train
./data_Image/Images/bus_0242-r.png,./data_Image/Mask/bus_0242-r.png,Train
./data_Image/Images/bus_0243-l.png,./data_Image/Mask/bus_0243-l.png,Validation
./data_Image/Images/bus_0243-r.png,./data_Image/Mask/bus_0243-r.png,Test
./data_Image/Images/bus_0244-l.png,./data_Image/Mask/bus_0244-l.png,Train
./data_Image/Images/bus_0244-r.png,./data_Image/Mask/bus_0244-r.png,Train
./data_Image/Images/bus_0245-l.png,./data_Image/Mask/bus_0245-l.png,Validation
./data_Image/Images/bus_0245-r.png,./data_Image/Mask/bus_0245-r.png,Train
./data_Image/Images/bus_0246-l.png,./data_Image/Mask/bus_0246-l.png,Train
./data_Image/Images/bus_0246-r.png,./data_Image/Mask/bus_0246-r.png,Train
./data_Image/Images/bus_0247-l.png,./data_Image/Mask/bus_0247-l.png,Train
./data_Image/Images/bus_0247-r.png,./data_Image/Mask/bus_0247-r.png,Train
./data_Image/Images/bus_0248-l.png,./data_Image/Mask/bus_0248-l.png,Validation
./data_Image/Images/bus_0248-r.png,./data_Image/Mask/bus_0248-r.png,Train
./data_Image/Images/bus_0249-l.png,./data_Image/Mask/bus_0249-l.png,Train
./data_Image/Images/bus_0249-r.png,./data_Image/Mask/bus_0249-r.png,Train
./data_Image/Images/bus_0250-l.png,./data_Image/Mask/bus_0250-l.png,Train
./data_Image/Images/bus_0250-r.png,./data_Image/Mask/bus_0250-r.png,Train
./data_Image/Images/bus_0251-l.png,./data_Image/Mask/bus_0251-l.png,Train
./data_Image/Images/bus_0251-r.png,./data_Image/Mask/bus_0251-r.png,Train
./data_Image/Images/bus_0252-l.png,./data_Image/Mask/bus_0252-l.png,Train
./data_Image/Images/bus_0252-r.png,./data_Image/Mask/bus_0252-r.png,Train
./data_Image/Images/bus_0253-l.png,./data_Image/Mask/bus_0253-l.png,Train
./data_Image/Images/bus_0253-r.png,./data_Image/Mask/bus_0253-r.png,Validation
./data_Image/Images/bus_0254-l.png,./data_Image/Mask/bus_0254-l.png,Validation
./data_Image/Images/bus_0254-r.png,./data_Image/Mask/bus_0254-r.png,Validation
./data_Image/Images/bus_0255-l.png,./data_Image/Mask/bus_0255-l.png,Train
./data_Image/Images/bus_0255-r.png,./data_Image/Mask/bus_0255-r.png,Train
./data_Image/Images/bus_0256-l.png,./data_Image/Mask/bus_0256-l.png,Train
./data_Image/Images/bus_0256-r.png,./data_Image/Mask/bus_0256-r.png,Train
./data_Image/Images/bus_0257-l.png,./data_Image/Mask/bus_0257-l.png,Validation
./data_Image/Images/bus_0257-r.png,./data_Image/Mask/bus_0257-r.png,Train
./data_Image/Images/bus_0258-l.png,./data_Image/Mask/bus_0258-l.png,Train
./data_Image/Images/bus_0258-r.png,./data_Image/Mask/bus_0258-r.png,Test
./data_Image/Images/bus_0259-l.png,./data_Image/Mask/bus_0259-l.png,Test
./data_Image/Images/bus_0259-r.png,./data_Image/Mask/bus_0259-r.png,Train
./data_Image/Images/bus_0260-l.png,./data_Image/Mask/bus_0260-l.png,Train
./data_Image/Images/bus_0260-r.png,./data_Image/Mask/bus_0260-r.png,Validation
./data_Image/Images/bus_0261-l.png,./data_Image/Mask/bus_0261-l.png,Train
./data_Image/Images/bus_0261-r.png,./data_Image/Mask/bus_0261-r.png,Train
./data_Image/Images/bus_0262-l.png,./data_Image/Mask/bus_0262-l.png,Validation
./data_Image/Images/bus_0262-r.png,./data_Image/Mask/bus_0262-r.png,Train
./data_Image/Images/bus_0263-l.png,./data_Image/Mask/bus_0263-l.png,Train
./data_Image/Images/bus_0263-r.png,./data_Image/Mask/bus_0263-r.png,Train
./data_Image/Images/bus_0264-l.png,./data_Image/Mask/bus_0264-l.png,Validation
./data_Image/Images/bus_0264-r.png,./data_Image/Mask/bus_0264-r.png,Train
./data_Image/Images/bus_0265-s.png,./data_Image/Mask/bus_0265-s.png,Train
./data_Image/Images/bus_0266-l.png,./data_Image/Mask/bus_0266-l.png,Train
./data_Image/Images/bus_0266-r.png,./data_Image/Mask/bus_0266-r.png,Train
./data_Image/Images/bus_0267-l.png,./data_Image/Mask/bus_0267-l.png,Validation
./data_Image/Images/bus_0267-r.png,./data_Image/Mask/bus_0267-r.png,Train
./data_Image/Images/bus_0268-l.png,./data_Image/Mask/bus_0268-l.png,Train
./data_Image/Images/bus_0268-r.png,./data_Image/Mask/bus_0268-r.png,Train
./data_Image/Images/bus_0269-l.png,./data_Image/Mask/bus_0269-l.png,Train
./data_Image/Images/bus_0269-r.png,./data_Image/Mask/bus_0269-r.png,Test
./data_Image/Images/bus_0270-l.png,./data_Image/Mask/bus_0270-l.png,Train
./data_Image/Images/bus_0270-r.png,./data_Image/Mask/bus_0270-r.png,Train
./data_Image/Images/bus_0271-l.png,./data_Image/Mask/bus_0271-l.png,Train
./data_Image/Images/bus_0271-r.png,./data_Image/Mask/bus_0271-r.png,Train
./data_Image/Images/bus_0272-l.png,./data_Image/Mask/bus_0272-l.png,Train
./data_Image/Images/bus_0272-r.png,./data_Image/Mask/bus_0272-r.png,Test
./data_Image/Images/bus_0273-l.png,./data_Image/Mask/bus_0273-l.png,Validation
./data_Image/Images/bus_0273-r.png,./data_Image/Mask/bus_0273-r.png,Train
./data_Image/Images/bus_0274-l.png,./data_Image/Mask/bus_0274-l.png,Train
./data_Image/Images/bus_0274-r.png,./data_Image/Mask/bus_0274-r.png,Train
./data_Image/Images/bus_0275-l.png,./data_Image/Mask/bus_0275-l.png,Train
./data_Image/Images/bus_0275-r.png,./data_Image/Mask/bus_0275-r.png,Validation
./data_Image/Images/bus_0276-l.png,./data_Image/Mask/bus_0276-l.png,Validation
./data_Image/Images/bus_0276-r.png,./data_Image/Mask/bus_0276-r.png,Train
./data_Image/Images/bus_0277-l.png,./data_Image/Mask/bus_0277-l.png,Train
./data_Image/Images/bus_0277-r.png,./data_Image/Mask/bus_0277-r.png,Test
./data_Image/Images/bus_0278-s.png,./data_Image/Mask/bus_0278-s.png,Validation
./data_Image/Images/bus_0279-l.png,./data_Image/Mask/bus_0279-l.png,Train
./data_Image/Images/bus_0279-r.png,./data_Image/Mask/bus_0279-r.png,Train
./data_Image/Images/bus_0280-l.png,./data_Image/Mask/bus_0280-l.png,Validation
./data_Image/Images/bus_0280-r.png,./data_Image/Mask/bus_0280-r.png,Test
./data_Image/Images/bus_0281-l.png,./data_Image/Mask/bus_0281-l.png,Train
./data_Image/Images/bus_0281-r.png,./data_Image/Mask/bus_0281-r.png,Validation
./data_Image/Images/bus_0282-l.png,./data_Image/Mask/bus_0282-l.png,Validation
./data_Image/Images/bus_0282-r.png,./data_Image/Mask/bus_0282-r.png,Train
./data_Image/Images/bus_0283-l.png,./data_Image/Mask/bus_0283-l.png,Train
./data_Image/Images/bus_0283-r.png,./data_Image/Mask/bus_0283-r.png,Train
./data_Image/Images/bus_0284-l.png,./data_Image/Mask/bus_0284-l.png,Train
./data_Image/Images/bus_0284-r.png,./data_Image/Mask/bus_0284-r.png,Train
./data_Image/Images/bus_0285-l.png,./data_Image/Mask/bus_0285-l.png,Validation
./data_Image/Images/bus_0285-r.png,./data_Image/Mask/bus_0285-r.png,Test
./data_Image/Images/bus_0286-l.png,./data_Image/Mask/bus_0286-l.png,Test
./data_Image/Images/bus_0286-r.png,./data_Image/Mask/bus_0286-r.png,Validation
./data_Image/Images/bus_0287-l.png,./data_Image/Mask/bus_0287-l.png,Validation
./data_Image/Images/bus_0287-r.png,./data_Image/Mask/bus_0287-r.png,Validation
./data_Image/Images/bus_0288-l.png,./data_Image/Mask/bus_0288-l.png,Train
./data_Image/Images/bus_0288-r.png,./data_Image/Mask/bus_0288-r.png,Test
./data_Image/Images/bus_0289-l.png,./data_Image/Mask/bus_0289-l.png,Train
./data_Image/Images/bus_0289-r.png,./data_Image/Mask/bus_0289-r.png,Train
./data_Image/Images/bus_0290-l.png,./data_Image/Mask/bus_0290-l.png,Train
./data_Image/Images/bus_0290-r.png,./data_Image/Mask/bus_0290-r.png,Train
./data_Image/Images/bus_0291-l.png,./data_Image/Mask/bus_0291-l.png,Train
./data_Image/Images/bus_0291-r.png,./data_Image/Mask/bus_0291-r.png,Train
./data_Image/Images/bus_0292-l.png,./data_Image/Mask/bus_0292-l.png,Train
./data_Image/Images/bus_0292-r.png,./data_Image/Mask/bus_0292-r.png,Train
./data_Image/Images/bus_0293-s.png,./data_Image/Mask/bus_0293-s.png,Train
./data_Image/Images/bus_0294-l.png,./data_Image/Mask/bus_0294-l.png,Train
./data_Image/Images/bus_0294-r.png,./data_Image/Mask/bus_0294-r.png,Train
./data_Image/Images/bus_0295-l.png,./data_Image/Mask/bus_0295-l.png,Train
./data_Image/Images/bus_0295-r.png,./data_Image/Mask/bus_0295-r.png,Train
./data_Image/Images/bus_0296-l.png,./data_Image/Mask/bus_0296-l.png,Train
./data_Image/Images/bus_0296-r.png,./data_Image/Mask/bus_0296-r.png,Test
./data_Image/Images/bus_0297-l.png,./data_Image/Mask/bus_0297-l.png,Train
./data_Image/Images/bus_0297-r.png,./data_Image/Mask/bus_0297-r.png,Test
./data_Image/Images/bus_0298-l.png,./data_Image/Mask/bus_0298-l.png,Train
./data_Image/Images/bus_0298-r.png,./data_Image/Mask/bus_0298-r.png,Train
./data_Image/Images/bus_0299-l.png,./data_Image/Mask/bus_0299-l.png,Validation
./data_Image/Images/bus_0299-r.png,./data_Image/Mask/bus_0299-r.png,Train
./data_Image/Images/bus_0300-l.png,./data_Image/Mask/bus_0300-l.png,Train
./data_Image/Images/bus_0300-r.png,./data_Image/Mask/bus_0300-r.png,Train
./data_Image/Images/bus_0301-l.png,./data_Image/Mask/bus_0301-l.png,Train
./data_Image/Images/bus_0301-r.png,./data_Image/Mask/bus_0301-r.png,Train
./data_Image/Images/bus_0302-s.png,./data_Image/Mask/bus_0302-s.png,Train
./data_Image/Images/bus_0303-l.png,./data_Image/Mask/bus_0303-l.png,Validation
./data_Image/Images/bus_0303-r.png,./data_Image/Mask/bus_0303-r.png,Train
./data_Image/Images/bus_0304-l.png,./data_Image/Mask/bus_0304-l.png,Train
./data_Image/Images/bus_0304-r.png,./data_Image/Mask/bus_0304-r.png,Train
./data_Image/Images/bus_0305-l.png,./data_Image/Mask/bus_0305-l.png,Train
./data_Image/Images/bus_0305-r.png,./data_Image/Mask/bus_0305-r.png,Train
./data_Image/Images/bus_0306-l.png,./data_Image/Mask/bus_0306-l.png,Test
./data_Image/Images/bus_0306-r.png,./data_Image/Mask/bus_0306-r.png,Test
./data_Image/Images/bus_0307-l.png,./data_Image/Mask/bus_0307-l.png,Train
./data_Image/Images/bus_0307-r.png,./data_Image/Mask/bus_0307-r.png,Train
./data_Image/Images/bus_0308-l.png,./data_Image/Mask/bus_0308-l.png,Validation
./data_Image/Images/bus_0308-r.png,./data_Image/Mask/bus_0308-r.png,Train
./data_Image/Images/bus_0309-l.png,./data_Image/Mask/bus_0309-l.png,Train
./data_Image/Images/bus_0309-r.png,./data_Image/Mask/bus_0309-r.png,Validation
./data_Image/Images/bus_0310-l.png,./data_Image/Mask/bus_0310-l.png,Train
./data_Image/Images/bus_0310-r.png,./data_Image/Mask/bus_0310-r.png,Train
./data_Image/Images/bus_0311-l.png,./data_Image/Mask/bus_0311-l.png,Validation
./data_Image/Images/bus_0311-r.png,./data_Image/Mask/bus_0311-r.png,Validation
./data_Image/Images/bus_0312-s.png,./data_Image/Mask/bus_0312-s.png,Train
./data_Image/Images/bus_0313-l.png,./data_Image/Mask/bus_0313-l.png,Train
./data_Image/Images/bus_0313-r.png,./data_Image/Mask/bus_0313-r.png,Train
./data_Image/Images/bus_0314-l.png,./data_Image/Mask/bus_0314-l.png,Test
./data_Image/Images/bus_0314-r.png,./data_Image/Mask/bus_0314-r.png,Train
./data_Image/Images/bus_0315-l.png,./data_Image/Mask/bus_0315-l.png,Validation
./data_Image/Images/bus_0315-r.png,./data_Image/Mask/bus_0315-r.png,Test
./data_Image/Images/bus_0316-l.png,./data_Image/Mask/bus_0316-l.png,Train
./data_Image/Images/bus_0316-r.png,./data_Image/Mask/bus_0316-r.png,Train
./data_Image/Images/bus_0317-l.png,./data_Image/Mask/bus_0317-l.png,Train
./data_Image/Images/bus_0317-r.png,./data_Image/Mask/bus_0317-r.png,Train
./data_Image/Images/bus_0318-l.png,./data_Image/Mask/bus_0318-l.png,Train
./data_Image/Images/bus_0318-r.png,./data_Image/Mask/bus_0318-r.png,Train
./data_Image/Images/bus_0319-l.png,./data_Image/Mask/bus_0319-l.png,Train
./data_Image/Images/bus_0319-r.png,./data_Image/Mask/bus_0319-r.png,Train
./data_Image/Images/bus_0320-l.png,./data_Image/Mask/bus_0320-l.png,Train
./data_Image/Images/bus_0320-r.png,./data_Image/Mask/bus_0320-r.png,Train
./data_Image/Images/bus_0321-s.png,./data_Image/Mask/bus_0321-s.png,Train
./data_Image/Images/bus_0322-s.png,./data_Image/Mask/bus_0322-s.png,Train
./data_Image/Images/bus_0323-s.png,./data_Image/Mask/bus_0323-s.png,Train
./data_Image/Images/bus_0324-s.png,./data_Image/Mask/bus_0324-s.png,Validation
./data_Image/Images/bus_0325-l.png,./data_Image/Mask/bus_0325-l.png,Train
./data_Image/Images/bus_0325-r.png,./data_Image/Mask/bus_0325-r.png,Train
./data_Image/Images/bus_0326-l.png,./data_Image/Mask/bus_0326-l.png,Train
./data_Image/Images/bus_0326-r.png,./data_Image/Mask/bus_0326-r.png,Train
./data_Image/Images/bus_0327-l.png,./data_Image/Mask/bus_0327-l.png,Test
./data_Image/Images/bus_0327-r.png,./data_Image/Mask/bus_0327-r.png,Test
./data_Image/Images/bus_0328-l.png,./data_Image/Mask/bus_0328-l.png,Train
./data_Image/Images/bus_0328-r.png,./data_Image/Mask/bus_0328-r.png,Train
./data_Image/Images/bus_0329-l.png,./data_Image/Mask/bus_0329-l.png,Train
./data_Image/Images/bus_0329-r.png,./data_Image/Mask/bus_0329-r.png,Train
./data_Image/Images/bus_0330-l.png,./data_Image/Mask/bus_0330-l.png,Test
./data_Image/Images/bus_0330-r.png,./data_Image/Mask/bus_0330-r.png,Train
./data_Image/Images/bus_0331-s.png,./data_Image/Mask/bus_0331-s.png,Train
./data_Image/Images/bus_0332-l.png,./data_Image/Mask/bus_0332-l.png,Test
./data_Image/Images/bus_0332-r.png,./data_Image/Mask/bus_0332-r.png,Train
./data_Image/Images/bus_0333-s.png,./data_Image/Mask/bus_0333-s.png,Train
./data_Image/Images/bus_0334-l.png,./data_Image/Mask/bus_0334-l.png,Test
./data_Image/Images/bus_0334-r.png,./data_Image/Mask/bus_0334-r.png,Train
./data_Image/Images/bus_0335-l.png,./data_Image/Mask/bus_0335-l.png,Validation
./data_Image/Images/bus_0335-r.png,./data_Image/Mask/bus_0335-r.png,Train
./data_Image/Images/bus_0336-s.png,./data_Image/Mask/bus_0336-s.png,Train
./data_Image/Images/bus_0337-l.png,./data_Image/Mask/bus_0337-l.png,Validation
./data_Image/Images/bus_0337-r.png,./data_Image/Mask/bus_0337-r.png,Train
./data_Image/Images/bus_0338-l.png,./data_Image/Mask/bus_0338-l.png,Train
./data_Image/Images/bus_0338-r.png,./data_Image/Mask/bus_0338-r.png,Train
./data_Image/Images/bus_0339-l.png,./data_Image/Mask/bus_0339-l.png,Train
./data_Image/Images/bus_0339-r.png,./data_Image/Mask/bus_0339-r.png,Train
./data_Image/Images/bus_0340-l.png,./data_Image/Mask/bus_0340-l.png,Train
./data_Image/Images/bus_0340-r.png,./data_Image/Mask/bus_0340-r.png,Train
./data_Image/Images/bus_0341-l.png,./data_Image/Mask/bus_0341-l.png,Validation
./data_Image/Images/bus_0341-r.png,./data_Image/Mask/bus_0341-r.png,Test
./data_Image/Images/bus_0342-l.png,./data_Image/Mask/bus_0342-l.png,Test
./data_Image/Images/bus_0342-r.png,./data_Image/Mask/bus_0342-r.png,Train
./data_Image/Images/bus_0343-l.png,./data_Image/Mask/bus_0343-l.png,Train
./data_Image/Images/bus_0343-r.png,./data_Image/Mask/bus_0343-r.png,Train
./data_Image/Images/bus_0344-l.png,./data_Image/Mask/bus_0344-l.png,Train
./data_Image/Images/bus_0344-r.png,./data_Image/Mask/bus_0344-r.png,Train
./data_Image/Images/bus_0345-l.png,./data_Image/Mask/bus_0345-l.png,Train
./data_Image/Images/bus_0345-r.png,./data_Image/Mask/bus_0345-r.png,Train
./data_Image/Images/bus_0346-l.png,./data_Image/Mask/bus_0346-l.png,Train
./data_Image/Images/bus_0346-r.png,./data_Image/Mask/bus_0346-r.png,Train
./data_Image/Images/bus_0347-s.png,./data_Image/Mask/bus_0347-s.png,Train
./data_Image/Images/bus_0348-l.png,./data_Image/Mask/bus_0348-l.png,Test
./data_Image/Images/bus_0348-r.png,./data_Image/Mask/bus_0348-r.png,Test
./data_Image/Images/bus_0349-l.png,./data_Image/Mask/bus_0349-l.png,Train
./data_Image/Images/bus_0349-r.png,./data_Image/Mask/bus_0349-r.png,Train
./data_Image/Images/bus_0350-l.png,./data_Image/Mask/bus_0350-l.png,Train
./data_Image/Images/bus_0350-r.png,./data_Image/Mask/bus_0350-r.png,Train
./data_Image/Images/bus_0351-l.png,./data_Image/Mask/bus_0351-l.png,Train
./data_Image/Images/bus_0351-r.png,./data_Image/Mask/bus_0351-r.png,Train
./data_Image/Images/bus_0352-l.png,./data_Image/Mask/bus_0352-l.png,Train
./data_Image/Images/bus_0352-r.png,./data_Image/Mask/bus_0352-r.png,Train
./data_Image/Images/bus_0353-l.png,./data_Image/Mask/bus_0353-l.png,Train
./data_Image/Images/bus_0353-r.png,./data_Image/Mask/bus_0353-r.png,Test
./data_Image/Images/bus_0354-s.png,./data_Image/Mask/bus_0354-s.png,Train
./data_Image/Images/bus_0355-s.png,./data_Image/Mask/bus_0355-s.png,Train
./data_Image/Images/bus_0356-l.png,./data_Image/Mask/bus_0356-l.png,Train
./data_Image/Images/bus_0356-r.png,./data_Image/Mask/bus_0356-r.png,Validation
./data_Image/Images/bus_0357-l.png,./data_Image/Mask/bus_0357-l.png,Train
./data_Image/Images/bus_0357-r.png,./data_Image/Mask/bus_0357-r.png,Train
./data_Image/Images/bus_0358-l.png,./data_Image/Mask/bus_0358-l.png,Train
./data_Image/Images/bus_0358-r.png,./data_Image/Mask/bus_0358-r.png,Train
./data_Image/Images/bus_0359-l.png,./data_Image/Mask/bus_0359-l.png,Train
./data_Image/Images/bus_0359-r.png,./data_Image/Mask/bus_0359-r.png,Train
./data_Image/Images/bus_0360-l.png,./data_Image/Mask/bus_0360-l.png,Train
./data_Image/Images/bus_0360-r.png,./data_Image/Mask/bus_0360-r.png,Train
./data_Image/Images/bus_0361-l.png,./data_Image/Mask/bus_0361-l.png,Train
./data_Image/Images/bus_0361-r.png,./data_Image/Mask/bus_0361-r.png,Train
./data_Image/Images/bus_0362-l.png,./data_Image/Mask/bus_0362-l.png,Train
./data_Image/Images/bus_0362-r.png,./data_Image/Mask/bus_0362-r.png,Train
./data_Image/Images/bus_0363-l.png,./data_Image/Mask/bus_0363-l.png,Train
./data_Image/Images/bus_0363-r.png,./data_Image/Mask/bus_0363-r.png,Train
./data_Image/Images/bus_0364-l.png,./data_Image/Mask/bus_0364-l.png,Train
./data_Image/Images/bus_0364-r.png,./data_Image/Mask/bus_0364-r.png,Train
./data_Image/Images/bus_0365-l.png,./data_Image/Mask/bus_0365-l.png,Train
./data_Image/Images/bus_0365-r.png,./data_Image/Mask/bus_0365-r.png,Train
./data_Image/Images/bus_0366-l.png,./data_Image/Mask/bus_0366-l.png,Train
./data_Image/Images/bus_0366-r.png,./data_Image/Mask/bus_0366-r.png,Train
./data_Image/Images/bus_0367-l.png,./data_Image/Mask/bus_0367-l.png,Train
./data_Image/Images/bus_0367-r.png,./data_Image/Mask/bus_0367-r.png,Test
./data_Image/Images/bus_0368-l.png,./data_Image/Mask/bus_0368-l.png,Train
./data_Image/Images/bus_0368-r.png,./data_Image/Mask/bus_0368-r.png,Train
./data_Image/Images/bus_0369-l.png,./data_Image/Mask/bus_0369-l.png,Train
./data_Image/Images/bus_0369-r.png,./data_Image/Mask/bus_0369-r.png,Validation
./data_Image/Images/bus_0370-l.png,./data_Image/Mask/bus_0370-l.png,Train
./data_Image/Images/bus_0370-r.png,./data_Image/Mask/bus_0370-r.png,Test
./data_Image/Images/bus_0371-l.png,./data_Image/Mask/bus_0371-l.png,Train
./data_Image/Images/bus_0371-r.png,./data_Image/Mask/bus_0371-r.png,Train
./data_Image/Images/bus_0372-l.png,./data_Image/Mask/bus_0372-l.png,Train
./data_Image/Images/bus_0372-r.png,./data_Image/Mask/bus_0372-r.png,Train
./data_Image/Images/bus_0373-l.png,./data_Image/Mask/bus_0373-l.png,Train
./data_Image/Images/bus_0373-r.png,./data_Image/Mask/bus_0373-r.png,Validation
./data_Image/Images/bus_0374-l.png,./data_Image/Mask/bus_0374-l.png,Train
./data_Image/Images/bus_0374-r.png,./data_Image/Mask/bus_0374-r.png,Train
./data_Image/Images/bus_0375-l.png,./data_Image/Mask/bus_0375-l.png,Train
./data_Image/Images/bus_0375-r.png,./data_Image/Mask/bus_0375-r.png,Train
./data_Image/Images/bus_0376-l.png,./data_Image/Mask/bus_0376-l.png,Train
./data_Image/Images/bus_0376-r.png,./data_Image/Mask/bus_0376-r.png,Train
./data_Image/Images/bus_0377-l.png,./data_Image/Mask/bus_0377-l.png,Validation
./data_Image/Images/bus_0377-r.png,./data_Image/Mask/bus_0377-r.png,Train
./data_Image/Images/bus_0378-l.png,./data_Image/Mask/bus_0378-l.png,Validation
./data_Image/Images/bus_0378-r.png,./data_Image/Mask/bus_0378-r.png,Validation
./data_Image/Images/bus_0379-l.png,./data_Image/Mask/bus_0379-l.png,Train
./data_Image/Images/bus_0379-r.png,./data_Image/Mask/bus_0379-r.png,Train
./data_Image/Images/bus_0380-l.png,./data_Image/Mask/bus_0380-l.png,Train
./data_Image/Images/bus_0380-r.png,./data_Image/Mask/bus_0380-r.png,Train
./data_Image/Images/bus_0381-l.png,./data_Image/Mask/bus_0381-l.png,Test
./data_Image/Images/bus_0381-r.png,./data_Image/Mask/bus_0381-r.png,Train
./data_Image/Images/bus_0382-l.png,./data_Image/Mask/bus_0382-l.png,Train
./data_Image/Images/bus_0382-r.png,./data_Image/Mask/bus_0382-r.png,Validation
./data_Image/Images/bus_0383-l.png,./data_Image/Mask/bus_0383-l.png,Train
./data_Image/Images/bus_0383-r.png,./data_Image/Mask/bus_0383-r.png,Train
./data_Image/Images/bus_0384-l.png,./data_Image/Mask/bus_0384-l.png,Train
./data_Image/Images/bus_0384-r.png,./data_Image/Mask/bus_0384-r.png,Train
./data_Image/Images/bus_0385-l.png,./data_Image/Mask/bus_0385-l.png,Train
./data_Image/Images/bus_0385-r.png,./data_Image/Mask/bus_0385-r.png,Train
./data_Image/Images/bus_0386-l.png,./data_Image/Mask/bus_0386-l.png,Train
./data_Image/Images/bus_0386-r.png,./data_Image/Mask/bus_0386-r.png,Test
./data_Image/Images/bus_0387-l.png,./data_Image/Mask/bus_0387-l.png,Test
./data_Image/Images/bus_0387-r.png,./data_Image/Mask/bus_0387-r.png,Train
./data_Image/Images/bus_0388-l.png,./data_Image/Mask/bus_0388-l.png,Test
./data_Image/Images/bus_0388-r.png,./data_Image/Mask/bus_0388-r.png,Test
./data_Image/Images/bus_0389-l.png,./data_Image/Mask/bus_0389-l.png,Test
./data_Image/Images/bus_0389-r.png,./data_Image/Mask/bus_0389-r.png,Test
./data_Image/Images/bus_0390-l.png,./data_Image/Mask/bus_0390-l.png,Train
./data_Image/Images/bus_0390-r.png,./data_Image/Mask/bus_0390-r.png,Validation
./data_Image/Images/bus_0391-l.png,./data_Image/Mask/bus_0391-l.png,Train
./data_Image/Images/bus_0391-r.png,./data_Image/Mask/bus_0391-r.png,Train
./data_Image/Images/bus_0392-l.png,./data_Image/Mask/bus_0392-l.png,Test
./data_Image/Images/bus_0392-r.png,./data_Image/Mask/bus_0392-r.png,Train
./data_Image/Images/bus_0393-l.png,./data_Image/Mask/bus_0393-l.png,Validation
./data_Image/Images/bus_0393-r.png,./data_Image/Mask/bus_0393-r.png,Train
./data_Image/Images/bus_0394-l.png,./data_Image/Mask/bus_0394-l.png,Test
./data_Image/Images/bus_0394-r.png,./data_Image/Mask/bus_0394-r.png,Train
./data_Image/Images/bus_0395-l.png,./data_Image/Mask/bus_0395-l.png,Train
./data_Image/Images/bus_0395-r.png,./data_Image/Mask/bus_0395-r.png,Train
./data_Image/Images/bus_0396-l.png,./data_Image/Mask/bus_0396-l.png,Train
./data_Image/Images/bus_0396-r.png,./data_Image/Mask/bus_0396-r.png,Train
./data_Image/Images/bus_0397-l.png,./data_Image/Mask/bus_0397-l.png,Train
./data_Image/Images/bus_0397-r.png,./data_Image/Mask/bus_0397-r.png,Train
./data_Image/Images/bus_0398-l.png,./data_Image/Mask/bus_0398-l.png,Train
./data_Image/Images/bus_0398-r.png,./data_Image/Mask/bus_0398-r.png,Train
./data_Image/Images/bus_0399-l.png,./data_Image/Mask/bus_0399-l.png,Train
./data_Image/Images/bus_0399-r.png,./data_Image/Mask/bus_0399-r.png,Train
./data_Image/Images/bus_0400-l.png,./data_Image/Mask/bus_0400-l.png,Train
./data_Image/Images/bus_0400-r.png,./data_Image/Mask/bus_0400-r.png,Validation
./data_Image/Images/bus_0401-l.png,./data_Image/Mask/bus_0401-l.png,Train
./data_Image/Images/bus_0401-r.png,./data_Image/Mask/bus_0401-r.png,Train
./data_Image/Images/bus_0402-l.png,./data_Image/Mask/bus_0402-l.png,Train
./data_Image/Images/bus_0402-r.png,./data_Image/Mask/bus_0402-r.png,Train
./data_Image/Images/bus_0403-l.png,./data_Image/Mask/bus_0403-l.png,Train
./data_Image/Images/bus_0403-r.png,./data_Image/Mask/bus_0403-r.png,Train
./data_Image/Images/bus_0404-l.png,./data_Image/Mask/bus_0404-l.png,Train
./data_Image/Images/bus_0404-r.png,./data_Image/Mask/bus_0404-r.png,Validation
./data_Image/Images/bus_0405-l.png,./data_Image/Mask/bus_0405-l.png,Train
./data_Image/Images/bus_0405-r.png,./data_Image/Mask/bus_0405-r.png,Train
./data_Image/Images/bus_0406-l.png,./data_Image/Mask/bus_0406-l.png,Train
./data_Image/Images/bus_0406-r.png,./data_Image/Mask/bus_0406-r.png,Train
./data_Image/Images/bus_0407-l.png,./data_Image/Mask/bus_0407-l.png,Train
./data_Image/Images/bus_0407-r.png,./data_Image/Mask/bus_0407-r.png,Test
./data_Image/Images/bus_0408-l.png,./data_Image/Mask/bus_0408-l.png,Train
./data_Image/Images/bus_0408-r.png,./data_Image/Mask/bus_0408-r.png,Train
./data_Image/Images/bus_0409-l.png,./data_Image/Mask/bus_0409-l.png,Test
./data_Image/Images/bus_0409-r.png,./data_Image/Mask/bus_0409-r.png,Validation
./data_Image/Images/bus_0410-l.png,./data_Image/Mask/bus_0410-l.png,Test
./data_Image/Images/bus_0410-r.png,./data_Image/Mask/bus_0410-r.png,Train
./data_Image/Images/bus_0411-l.png,./data_Image/Mask/bus_0411-l.png,Train
./data_Image/Images/bus_0411-r.png,./data_Image/Mask/bus_0411-r.png,Train
./data_Image/Images/bus_0412-l.png,./data_Image/Mask/bus_0412-l.png,Train
./data_Image/Images/bus_0412-r.png,./data_Image/Mask/bus_0412-r.png,Train
./data_Image/Images/bus_0413-l.png,./data_Image/Mask/bus_0413-l.png,Train
./data_Image/Images/bus_0413-r.png,./data_Image/Mask/bus_0413-r.png,Train
./data_Image/Images/bus_0414-l.png,./data_Image/Mask/bus_0414-l.png,Train
./data_Image/Images/bus_0414-r.png,./data_Image/Mask/bus_0414-r.png,Train
./data_Image/Images/bus_0415-l.png,./data_Image/Mask/bus_0415-l.png,Test
./data_Image/Images/bus_0415-r.png,./data_Image/Mask/bus_0415-r.png,Train
./data_Image/Images/bus_0416-l.png,./data_Image/Mask/bus_0416-l.png,Validation
./data_Image/Images/bus_0416-r.png,./data_Image/Mask/bus_0416-r.png,Train
./data_Image/Images/bus_0417-l.png,./data_Image/Mask/bus_0417-l.png,Train
./data_Image/Images/bus_0417-r.png,./data_Image/Mask/bus_0417-r.png,Train
./data_Image/Images/bus_0418-l.png,./data_Image/Mask/bus_0418-l.png,Train
./data_Image/Images/bus_0418-r.png,./data_Image/Mask/bus_0418-r.png,Train
./data_Image/Images/bus_0419-l.png,./data_Image/Mask/bus_0419-l.png,Train
./data_Image/Images/bus_0419-r.png,./data_Image/Mask/bus_0419-r.png,Train
./data_Image/Images/bus_0420-l.png,./data_Image/Mask/bus_0420-l.png,Train
./data_Image/Images/bus_0420-r.png,./data_Image/Mask/bus_0420-r.png,Train
./data_Image/Images/bus_0421-l.png,./data_Image/Mask/bus_0421-l.png,Train
./data_Image/Images/bus_0421-r.png,./data_Image/Mask/bus_0421-r.png,Validation
./data_Image/Images/bus_0422-l.png,./data_Image/Mask/bus_0422-l.png,Train
./data_Image/Images/bus_0422-r.png,./data_Image/Mask/bus_0422-r.png,Train
./data_Image/Images/bus_0423-l.png,./data_Image/Mask/bus_0423-l.png,Train
./data_Image/Images/bus_0423-r.png,./data_Image/Mask/bus_0423-r.png,Train
./data_Image/Images/bus_0424-l.png,./data_Image/Mask/bus_0424-l.png,Validation
./data_Image/Images/bus_0424-r.png,./data_Image/Mask/bus_0424-r.png,Train
./data_Image/Images/bus_0425-l.png,./data_Image/Mask/bus_0425-l.png,Train
./data_Image/Images/bus_0425-r.png,./data_Image/Mask/bus_0425-r.png,Train
./data_Image/Images/bus_0426-l.png,./data_Image/Mask/bus_0426-l.png,Train
./data_Image/Images/bus_0426-r.png,./data_Image/Mask/bus_0426-r.png,Train
./data_Image/Images/bus_0427-l.png,./data_Image/Mask/bus_0427-l.png,Validation
./data_Image/Images/bus_0427-r.png,./data_Image/Mask/bus_0427-r.png,Test
./data_Image/Images/bus_0428-l.png,./data_Image/Mask/bus_0428-l.png,Train
./data_Image/Images/bus_0428-r.png,./data_Image/Mask/bus_0428-r.png,Validation
./data_Image/Images/bus_0429-l.png,./data_Image/Mask/bus_0429-l.png,Test
./data_Image/Images/bus_0429-r.png,./data_Image/Mask/bus_0429-r.png,Train
./data_Image/Images/bus_0430-l.png,./data_Image/Mask/bus_0430-l.png,Train
./data_Image/Images/bus_0430-r.png,./data_Image/Mask/bus_0430-r.png,Train
./data_Image/Images/bus_0431-l.png,./data_Image/Mask/bus_0431-l.png,Train
./data_Image/Images/bus_0431-r.png,./data_Image/Mask/bus_0431-r.png,Train
./data_Image/Images/bus_0432-l.png,./data_Image/Mask/bus_0432-l.png,Validation
./data_Image/Images/bus_0432-r.png,./data_Image/Mask/bus_0432-r.png,Train
./data_Image/Images/bus_0433-l.png,./data_Image/Mask/bus_0433-l.png,Test
./data_Image/Images/bus_0433-r.png,./data_Image/Mask/bus_0433-r.png,Test
./data_Image/Images/bus_0434-l.png,./data_Image/Mask/bus_0434-l.png,Train
./data_Image/Images/bus_0434-r.png,./data_Image/Mask/bus_0434-r.png,Test
./data_Image/Images/bus_0435-l.png,./data_Image/Mask/bus_0435-l.png,Train
./data_Image/Images/bus_0435-r.png,./data_Image/Mask/bus_0435-r.png,Train
./data_Image/Images/bus_0436-l.png,./data_Image/Mask/bus_0436-l.png,Train
./data_Image/Images/bus_0436-r.png,./data_Image/Mask/bus_0436-r.png,Train
./data_Image/Images/bus_0437-l.png,./data_Image/Mask/bus_0437-l.png,Train
./data_Image/Images/bus_0437-r.png,./data_Image/Mask/bus_0437-r.png,Train
./data_Image/Images/bus_0438-l.png,./data_Image/Mask/bus_0438-l.png,Train
./data_Image/Images/bus_0438-r.png,./data_Image/Mask/bus_0438-r.png,Train
./data_Image/Images/bus_0439-l.png,./data_Image/Mask/bus_0439-l.png,Train
./data_Image/Images/bus_0439-r.png,./data_Image/Mask/bus_0439-r.png,Train
./data_Image/Images/bus_0440-l.png,./data_Image/Mask/bus_0440-l.png,Train
./data_Image/Images/bus_0440-r.png,./data_Image/Mask/bus_0440-r.png,Train
./data_Image/Images/bus_0441-l.png,./data_Image/Mask/bus_0441-l.png,Validation
./data_Image/Images/bus_0441-r.png,./data_Image/Mask/bus_0441-r.png,Validation
./data_Image/Images/bus_0442-l.png,./data_Image/Mask/bus_0442-l.png,Train
./data_Image/Images/bus_0442-r.png,./data_Image/Mask/bus_0442-r.png,Test
./data_Image/Images/bus_0443-l.png,./data_Image/Mask/bus_0443-l.png,Train
./data_Image/Images/bus_0443-r.png,./data_Image/Mask/bus_0443-r.png,Train
./data_Image/Images/bus_0444-l.png,./data_Image/Mask/bus_0444-l.png,Train
./data_Image/Images/bus_0444-r.png,./data_Image/Mask/bus_0444-r.png,Train
./data_Image/Images/bus_0445-l.png,./data_Image/Mask/bus_0445-l.png,Train
./data_Image/Images/bus_0445-r.png,./data_Image/Mask/bus_0445-r.png,Train
./data_Image/Images/bus_0446-l.png,./data_Image/Mask/bus_0446-l.png,Validation
./data_Image/Images/bus_0446-r.png,./data_Image/Mask/bus_0446-r.png,Test
./data_Image/Images/bus_0447-l.png,./data_Image/Mask/bus_0447-l.png,Validation
./data_Image/Images/bus_0447-r.png,./data_Image/Mask/bus_0447-r.png,Train
./data_Image/Images/bus_0448-l.png,./data_Image/Mask/bus_0448-l.png,Train
./data_Image/Images/bus_0448-r.png,./data_Image/Mask/bus_0448-r.png,Train
./data_Image/Images/bus_0449-l.png,./data_Image/Mask/bus_0449-l.png,Test
./data_Image/Images/bus_0449-r.png,./data_Image/Mask/bus_0449-r.png,Train
./data_Image/Images/bus_0450-l.png,./data_Image/Mask/bus_0450-l.png,Train
./data_Image/Images/bus_0450-r.png,./data_Image/Mask/bus_0450-r.png,Validation
./data_Image/Images/bus_0451-l.png,./data_Image/Mask/bus_0451-l.png,Train
./data_Image/Images/bus_0451-r.png,./data_Image/Mask/bus_0451-r.png,Train
./data_Image/Images/bus_0452-l.png,./data_Image/Mask/bus_0452-l.png,Train
./data_Image/Images/bus_0452-r.png,./data_Image/Mask/bus_0452-r.png,Train
./data_Image/Images/bus_0453-l.png,./data_Image/Mask/bus_0453-l.png,Train
./data_Image/Images/bus_0453-r.png,./data_Image/Mask/bus_0453-r.png,Train
./data_Image/Images/bus_0454-l.png,./data_Image/Mask/bus_0454-l.png,Test
./data_Image/Images/bus_0454-r.png,./data_Image/Mask/bus_0454-r.png,Train
./data_Image/Images/bus_0455-l.png,./data_Image/Mask/bus_0455-l.png,Test
./data_Image/Images/bus_0455-r.png,./data_Image/Mask/bus_0455-r.png,Train
./data_Image/Images/bus_0456-l.png,./data_Image/Mask/bus_0456-l.png,Validation
./data_Image/Images/bus_0456-r.png,./data_Image/Mask/bus_0456-r.png,Train
./data_Image/Images/bus_0457-l.png,./data_Image/Mask/bus_0457-l.png,Train
./data_Image/Images/bus_0457-r.png,./data_Image/Mask/bus_0457-r.png,Train
./data_Image/Images/bus_0458-l.png,./data_Image/Mask/bus_0458-l.png,Train
./data_Image/Images/bus_0458-r.png,./data_Image/Mask/bus_0458-r.png,Train
./data_Image/Images/bus_0459-l.png,./data_Image/Mask/bus_0459-l.png,Validation
./data_Image/Images/bus_0459-r.png,./data_Image/Mask/bus_0459-r.png,Train
./data_Image/Images/bus_0460-l.png,./data_Image/Mask/bus_0460-l.png,Train
./data_Image/Images/bus_0460-r.png,./data_Image/Mask/bus_0460-r.png,Train
./data_Image/Images/bus_0461-l.png,./data_Image/Mask/bus_0461-l.png,Train
./data_Image/Images/bus_0461-r.png,./data_Image/Mask/bus_0461-r.png,Train
./data_Image/Images/bus_0462-l.png,./data_Image/Mask/bus_0462-l.png,Train
./data_Image/Images/bus_0462-r.png,./data_Image/Mask/bus_0462-r.png,Train
./data_Image/Images/bus_0463-l.png,./data_Image/Mask/bus_0463-l.png,Train
./data_Image/Images/bus_0463-r.png,./data_Image/Mask/bus_0463-r.png,Train
./data_Image/Images/bus_0464-l.png,./data_Image/Mask/bus_0464-l.png,Train
./data_Image/Images/bus_0464-r.png,./data_Image/Mask/bus_0464-r.png,Test
./data_Image/Images/bus_0465-l.png,./data_Image/Mask/bus_0465-l.png,Train
./data_Image/Images/bus_0465-r.png,./data_Image/Mask/bus_0465-r.png,Train
./data_Image/Images/bus_0466-l.png,./data_Image/Mask/bus_0466-l.png,Test
./data_Image/Images/bus_0466-r.png,./data_Image/Mask/bus_0466-r.png,Validation
./data_Image/Images/bus_0467-l.png,./data_Image/Mask/bus_0467-l.png,Train
./data_Image/Images/bus_0467-r.png,./data_Image/Mask/bus_0467-r.png,Validation
./data_Image/Images/bus_0468-l.png,./data_Image/Mask/bus_0468-l.png,Train
./data_Image/Images/bus_0468-r.png,./data_Image/Mask/bus_0468-r.png,Train
./data_Image/Images/bus_0469-l.png,./data_Image/Mask/bus_0469-l.png,Test
./data_Image/Images/bus_0469-r.png,./data_Image/Mask/bus_0469-r.png,Train
./data_Image/Images/bus_0470-l.png,./data_Image/Mask/bus_0470-l.png,Validation
./data_Image/Images/bus_0470-r.png,./data_Image/Mask/bus_0470-r.png,Train
./data_Image/Images/bus_0471-l.png,./data_Image/Mask/bus_0471-l.png,Train
./data_Image/Images/bus_0471-r.png,./data_Image/Mask/bus_0471-r.png,Validation
./data_Image/Images/bus_0472-l.png,./data_Image/Mask/bus_0472-l.png,Validation
./data_Image/Images/bus_0472-r.png,./data_Image/Mask/bus_0472-r.png,Train
./data_Image/Images/bus_0473-l.png,./data_Image/Mask/bus_0473-l.png,Validation
./data_Image/Images/bus_0473-r.png,./data_Image/Mask/bus_0473-r.png,Train
./data_Image/Images/bus_0474-l.png,./data_Image/Mask/bus_0474-l.png,Train
./data_Image/Images/bus_0474-r.png,./data_Image/Mask/bus_0474-r.png,Train
./data_Image/Images/bus_0475-l.png,./data_Image/Mask/bus_0475-l.png,Validation
./data_Image/Images/bus_0475-r.png,./data_Image/Mask/bus_0475-r.png,Train
./data_Image/Images/bus_0476-l.png,./data_Image/Mask/bus_0476-l.png,Train
./data_Image/Images/bus_0476-r.png,./data_Image/Mask/bus_0476-r.png,Train
./data_Image/Images/bus_0477-l.png,./data_Image/Mask/bus_0477-l.png,Train
./data_Image/Images/bus_0477-r.png,./data_Image/Mask/bus_0477-r.png,Train
./data_Image/Images/bus_0478-l.png,./data_Image/Mask/bus_0478-l.png,Test
./data_Image/Images/bus_0478-r.png,./data_Image/Mask/bus_0478-r.png,Train
./data_Image/Images/bus_0479-l.png,./data_Image/Mask/bus_0479-l.png,Train
./data_Image/Images/bus_0479-r.png,./data_Image/Mask/bus_0479-r.png,Train
./data_Image/Images/bus_0480-l.png,./data_Image/Mask/bus_0480-l.png,Test
./data_Image/Images/bus_0480-r.png,./data_Image/Mask/bus_0480-r.png,Train
./data_Image/Images/bus_0481-l.png,./data_Image/Mask/bus_0481-l.png,Test
./data_Image/Images/bus_0481-r.png,./data_Image/Mask/bus_0481-r.png,Train
./data_Image/Images/bus_0482-l.png,./data_Image/Mask/bus_0482-l.png,Train
./data_Image/Images/bus_0482-r.png,./data_Image/Mask/bus_0482-r.png,Train
./data_Image/Images/bus_0483-l.png,./data_Image/Mask/bus_0483-l.png,Test
./data_Image/Images/bus_0483-r.png,./data_Image/Mask/bus_0483-r.png,Train
./data_Image/Images/bus_0484-l.png,./data_Image/Mask/bus_0484-l.png,Train
./data_Image/Images/bus_0484-r.png,./data_Image/Mask/bus_0484-r.png,Train
./data_Image/Images/bus_0485-l.png,./data_Image/Mask/bus_0485-l.png,Train
./data_Image/Images/bus_0485-r.png,./data_Image/Mask/bus_0485-r.png,Train
./data_Image/Images/bus_0486-l.png,./data_Image/Mask/bus_0486-l.png,Train
./data_Image/Images/bus_0486-r.png,./data_Image/Mask/bus_0486-r.png,Test
./data_Image/Images/bus_0487-l.png,./data_Image/Mask/bus_0487-l.png,Train
./data_Image/Images/bus_0487-r.png,./data_Image/Mask/bus_0487-r.png,Test
./data_Image/Images/bus_0488-l.png,./data_Image/Mask/bus_0488-l.png,Train
./data_Image/Images/bus_0488-r.png,./data_Image/Mask/bus_0488-r.png,Train
./data_Image/Images/bus_0489-l.png,./data_Image/Mask/bus_0489-l.png,Train
./data_Image/Images/bus_0489-r.png,./data_Image/Mask/bus_0489-r.png,Train
./data_Image/Images/bus_0490-l.png,./data_Image/Mask/bus_0490-l.png,Train
./data_Image/Images/bus_0490-r.png,./data_Image/Mask/bus_0490-r.png,Train
./data_Image/Images/bus_0491-l.png,./data_Image/Mask/bus_0491-l.png,Train
./data_Image/Images/bus_0491-r.png,./data_Image/Mask/bus_0491-r.png,Train
./data_Image/Images/bus_0492-l.png,./data_Image/Mask/bus_0492-l.png,Train
./data_Image/Images/bus_0492-r.png,./data_Image/Mask/bus_0492-r.png,Validation
./data_Image/Images/bus_0493-l.png,./data_Image/Mask/bus_0493-l.png,Train
./data_Image/Images/bus_0493-r.png,./data_Image/Mask/bus_0493-r.png,Test
./data_Image/Images/bus_0494-l.png,./data_Image/Mask/bus_0494-l.png,Train
./data_Image/Images/bus_0494-r.png,./data_Image/Mask/bus_0494-r.png,Train
./data_Image/Images/bus_0495-l.png,./data_Image/Mask/bus_0495-l.png,Validation
./data_Image/Images/bus_0495-r.png,./data_Image/Mask/bus_0495-r.png,Train
./data_Image/Images/bus_0496-l.png,./data_Image/Mask/bus_0496-l.png,Validation
./data_Image/Images/bus_0496-r.png,./data_Image/Mask/bus_0496-r.png,Train
./data_Image/Images/bus_0497-l.png,./data_Image/Mask/bus_0497-l.png,Train
./data_Image/Images/bus_0497-r.png,./data_Image/Mask/bus_0497-r.png,Train
./data_Image/Images/bus_0498-l.png,./data_Image/Mask/bus_0498-l.png,Train
./data_Image/Images/bus_0498-r.png,./data_Image/Mask/bus_0498-r.png,Train
./data_Image/Images/bus_0499-l.png,./data_Image/Mask/bus_0499-l.png,Train
./data_Image/Images/bus_0499-r.png,./data_Image/Mask/bus_0499-r.png,Validation
./data_Image/Images/bus_0500-l.png,./data_Image/Mask/bus_0500-l.png,Train
./data_Image/Images/bus_0500-r.png,./data_Image/Mask/bus_0500-r.png,Train
./data_Image/Images/bus_0501-l.png,./data_Image/Mask/bus_0501-l.png,Train
./data_Image/Images/bus_0501-r.png,./data_Image/Mask/bus_0501-r.png,Train
./data_Image/Images/bus_0502-l.png,./data_Image/Mask/bus_0502-l.png,Validation
./data_Image/Images/bus_0502-r.png,./data_Image/Mask/bus_0502-r.png,Train
./data_Image/Images/bus_0503-l.png,./data_Image/Mask/bus_0503-l.png,Train
./data_Image/Images/bus_0503-r.png,./data_Image/Mask/bus_0503-r.png,Train
./data_Image/Images/bus_0504-l.png,./data_Image/Mask/bus_0504-l.png,Train
./data_Image/Images/bus_0504-r.png,./data_Image/Mask/bus_0504-r.png,Test
./data_Image/Images/bus_0505-l.png,./data_Image/Mask/bus_0505-l.png,Test
./data_Image/Images/bus_0505-r.png,./data_Image/Mask/bus_0505-r.png,Train
./data_Image/Images/bus_0506-l.png,./data_Image/Mask/bus_0506-l.png,Train
./data_Image/Images/bus_0506-r.png,./data_Image/Mask/bus_0506-r.png,Train
./data_Image/Images/bus_0507-l.png,./data_Image/Mask/bus_0507-l.png,Validation
./data_Image/Images/bus_0507-r.png,./data_Image/Mask/bus_0507-r.png,Train
./data_Image/Images/bus_0508-l.png,./data_Image/Mask/bus_0508-l.png,Train
./data_Image/Images/bus_0508-r.png,./data_Image/Mask/bus_0508-r.png,Test
./data_Image/Images/bus_0509-l.png,./data_Image/Mask/bus_0509-l.png,Validation
./data_Image/Images/bus_0509-r.png,./data_Image/Mask/bus_0509-r.png,Validation
./data_Image/Images/bus_0510-l.png,./data_Image/Mask/bus_0510-l.png,Train
./data_Image/Images/bus_0510-r.png,./data_Image/Mask/bus_0510-r.png,Test
./data_Image/Images/bus_0511-l.png,./data_Image/Mask/bus_0511-l.png,Test
./data_Image/Images/bus_0511-r.png,./data_Image/Mask/bus_0511-r.png,Train
./data_Image/Images/bus_0512-l.png,./data_Image/Mask/bus_0512-l.png,Train
./data_Image/Images/bus_0512-r.png,./data_Image/Mask/bus_0512-r.png,Train
./data_Image/Images/bus_0513-l.png,./data_Image/Mask/bus_0513-l.png,Validation
./data_Image/Images/bus_0513-r.png,./data_Image/Mask/bus_0513-r.png,Train
./data_Image/Images/bus_0514-l.png,./data_Image/Mask/bus_0514-l.png,Train
./data_Image/Images/bus_0514-r.png,./data_Image/Mask/bus_0514-r.png,Train
./data_Image/Images/bus_0515-l.png,./data_Image/Mask/bus_0515-l.png,Train
./data_Image/Images/bus_0515-r.png,./data_Image/Mask/bus_0515-r.png,Train
./data_Image/Images/bus_0516-l.png,./data_Image/Mask/bus_0516-l.png,Train
./data_Image/Images/bus_0516-r.png,./data_Image/Mask/bus_0516-r.png,Train
./data_Image/Images/bus_0517-l.png,./data_Image/Mask/bus_0517-l.png,Train
./data_Image/Images/bus_0517-r.png,./data_Image/Mask/bus_0517-r.png,Train
./data_Image/Images/bus_0518-l.png,./data_Image/Mask/bus_0518-l.png,Validation
./data_Image/Images/bus_0518-r.png,./data_Image/Mask/bus_0518-r.png,Train
./data_Image/Images/bus_0519-l.png,./data_Image/Mask/bus_0519-l.png,Train
./data_Image/Images/bus_0519-r.png,./data_Image/Mask/bus_0519-r.png,Test
./data_Image/Images/bus_0520-l.png,./data_Image/Mask/bus_0520-l.png,Test
./data_Image/Images/bus_0520-r.png,./data_Image/Mask/bus_0520-r.png,Train
./data_Image/Images/bus_0521-l.png,./data_Image/Mask/bus_0521-l.png,Train
./data_Image/Images/bus_0521-r.png,./data_Image/Mask/bus_0521-r.png,Train
./data_Image/Images/bus_0522-l.png,./data_Image/Mask/bus_0522-l.png,Train
./data_Image/Images/bus_0522-r.png,./data_Image/Mask/bus_0522-r.png,Test
./data_Image/Images/bus_0523-l.png,./data_Image/Mask/bus_0523-l.png,Train
./data_Image/Images/bus_0523-r.png,./data_Image/Mask/bus_0523-r.png,Train
./data_Image/Images/bus_0524-l.png,./data_Image/Mask/bus_0524-l.png,Train
./data_Image/Images/bus_0524-r.png,./data_Image/Mask/bus_0524-r.png,Validation
./data_Image/Images/bus_0525-l.png,./data_Image/Mask/bus_0525-l.png,Train
./data_Image/Images/bus_0525-r.png,./data_Image/Mask/bus_0525-r.png,Train
./data_Image/Images/bus_0526-l.png,./data_Image/Mask/bus_0526-l.png,Test
./data_Image/Images/bus_0526-r.png,./data_Image/Mask/bus_0526-r.png,Test
./data_Image/Images/bus_0527-l.png,./data_Image/Mask/bus_0527-l.png,Train
./data_Image/Images/bus_0527-r.png,./data_Image/Mask/bus_0527-r.png,Test
./data_Image/Images/bus_0528-l.png,./data_Image/Mask/bus_0528-l.png,Validation
./data_Image/Images/bus_0528-r.png,./data_Image/Mask/bus_0528-r.png,Test
./data_Image/Images/bus_0529-l.png,./data_Image/Mask/bus_0529-l.png,Train
./data_Image/Images/bus_0529-r.png,./data_Image/Mask/bus_0529-r.png,Train
./data_Image/Images/bus_0530-l.png,./data_Image/Mask/bus_0530-l.png,Train
./data_Image/Images/bus_0530-r.png,./data_Image/Mask/bus_0530-r.png,Train
./data_Image/Images/bus_0531-l.png,./data_Image/Mask/bus_0531-l.png,Train
./data_Image/Images/bus_0531-r.png,./data_Image/Mask/bus_0531-r.png,Test
./data_Image/Images/bus_0532-l.png,./data_Image/Mask/bus_0532-l.png,Train
./data_Image/Images/bus_0532-r.png,./data_Image/Mask/bus_0532-r.png,Train
./data_Image/Images/bus_0533-l.png,./data_Image/Mask/bus_0533-l.png,Train
./data_Image/Images/bus_0533-r.png,./data_Image/Mask/bus_0533-r.png,Train
./data_Image/Images/bus_0534-l.png,./data_Image/Mask/bus_0534-l.png,Test
./data_Image/Images/bus_0534-r.png,./data_Image/Mask/bus_0534-r.png,Validation
./data_Image/Images/bus_0535-l.png,./data_Image/Mask/bus_0535-l.png,Train
./data_Image/Images/bus_0535-r.png,./data_Image/Mask/bus_0535-r.png,Train
./data_Image/Images/bus_0536-l.png,./data_Image/Mask/bus_0536-l.png,Train
./data_Image/Images/bus_0536-r.png,./data_Image/Mask/bus_0536-r.png,Train
./data_Image/Images/bus_0537-l.png,./data_Image/Mask/bus_0537-l.png,Train
./data_Image/Images/bus_0537-r.png,./data_Image/Mask/bus_0537-r.png,Train
./data_Image/Images/bus_0538-l.png,./data_Image/Mask/bus_0538-l.png,Train
./data_Image/Images/bus_0538-r.png,./data_Image/Mask/bus_0538-r.png,Train
./data_Image/Images/bus_0539-l.png,./data_Image/Mask/bus_0539-l.png,Train
./data_Image/Images/bus_0539-r.png,./data_Image/Mask/bus_0539-r.png,Test
./data_Image/Images/bus_0540-l.png,./data_Image/Mask/bus_0540-l.png,Train
./data_Image/Images/bus_0540-r.png,./data_Image/Mask/bus_0540-r.png,Train
./data_Image/Images/bus_0541-l.png,./data_Image/Mask/bus_0541-l.png,Test
./data_Image/Images/bus_0541-r.png,./data_Image/Mask/bus_0541-r.png,Train
./data_Image/Images/bus_0542-l.png,./data_Image/Mask/bus_0542-l.png,Train
./data_Image/Images/bus_0542-r.png,./data_Image/Mask/bus_0542-r.png,Train
./data_Image/Images/bus_0543-l.png,./data_Image/Mask/bus_0543-l.png,Train
./data_Image/Images/bus_0543-r.png,./data_Image/Mask/bus_0543-r.png,Train
./data_Image/Images/bus_0544-l.png,./data_Image/Mask/bus_0544-l.png,Train
./data_Image/Images/bus_0544-r.png,./data_Image/Mask/bus_0544-r.png,Train
./data_Image/Images/bus_0545-l.png,./data_Image/Mask/bus_0545-l.png,Train
./data_Image/Images/bus_0545-r.png,./data_Image/Mask/bus_0545-r.png,Test
./data_Image/Images/bus_0546-l.png,./data_Image/Mask/bus_0546-l.png,Train
./data_Image/Images/bus_0546-r.png,./data_Image/Mask/bus_0546-r.png,Train
./data_Image/Images/bus_0547-l.png,./data_Image/Mask/bus_0547-l.png,Validation
./data_Image/Images/bus_0547-r.png,./data_Image/Mask/bus_0547-r.png,Train
./data_Image/Images/bus_0548-l.png,./data_Image/Mask/bus_0548-l.png,Train
./data_Image/Images/bus_0548-r.png,./data_Image/Mask/bus_0548-r.png,Train
./data_Image/Images/bus_0549-l.png,./data_Image/Mask/bus_0549-l.png,Train
./data_Image/Images/bus_0549-r.png,./data_Image/Mask/bus_0549-r.png,Train
./data_Image/Images/bus_0550-l.png,./data_Image/Mask/bus_0550-l.png,Train
./data_Image/Images/bus_0550-r.png,./data_Image/Mask/bus_0550-r.png,Train
./data_Image/Images/bus_0551-l.png,./data_Image/Mask/bus_0551-l.png,Validation
./data_Image/Images/bus_0551-r.png,./data_Image/Mask/bus_0551-r.png,Test
./data_Image/Images/bus_0552-l.png,./data_Image/Mask/bus_0552-l.png,Validation
./data_Image/Images/bus_0552-r.png,./data_Image/Mask/bus_0552-r.png,Train
./data_Image/Images/bus_0553-l.png,./data_Image/Mask/bus_0553-l.png,Validation
./data_Image/Images/bus_0553-r.png,./data_Image/Mask/bus_0553-r.png,Train
./data_Image/Images/bus_0554-l.png,./data_Image/Mask/bus_0554-l.png,Train
./data_Image/Images/bus_0554-r.png,./data_Image/Mask/bus_0554-r.png,Train
./data_Image/Images/bus_0555-l.png,./data_Image/Mask/bus_0555-l.png,Train
./data_Image/Images/bus_0555-r.png,./data_Image/Mask/bus_0555-r.png,Train
./data_Image/Images/bus_0556-l.png,./data_Image/Mask/bus_0556-l.png,Train
./data_Image/Images/bus_0556-r.png,./data_Image/Mask/bus_0556-r.png,Test
./data_Image/Images/bus_0557-l.png,./data_Image/Mask/bus_0557-l.png,Validation
./data_Image/Images/bus_0557-r.png,./data_Image/Mask/bus_0557-r.png,Train
./data_Image/Images/bus_0558-l.png,./data_Image/Mask/bus_0558-l.png,Test
./data_Image/Images/bus_0558-r.png,./data_Image/Mask/bus_0558-r.png,Train
./data_Image/Images/bus_0559-l.png,./data_Image/Mask/bus_0559-l.png,Train
./data_Image/Images/bus_0559-r.png,./data_Image/Mask/bus_0559-r.png,Train
./data_Image/Images/bus_0560-l.png,./data_Image/Mask/bus_0560-l.png,Test
./data_Image/Images/bus_0560-r.png,./data_Image/Mask/bus_0560-r.png,Train
./data_Image/Images/bus_0561-l.png,./data_Image/Mask/bus_0561-l.png,Train
./data_Image/Images/bus_0561-r.png,./data_Image/Mask/bus_0561-r.png,Train
./data_Image/Images/bus_0562-l.png,./data_Image/Mask/bus_0562-l.png,Train
./data_Image/Images/bus_0562-r.png,./data_Image/Mask/bus_0562-r.png,Train
./data_Image/Images/bus_0563-l.png,./data_Image/Mask/bus_0563-l.png,Validation
./data_Image/Images/bus_0563-r.png,./data_Image/Mask/bus_0563-r.png,Train
./data_Image/Images/bus_0564-l.png,./data_Image/Mask/bus_0564-l.png,Train
./data_Image/Images/bus_0564-r.png,./data_Image/Mask/bus_0564-r.png,Train
./data_Image/Images/bus_0565-l.png,./data_Image/Mask/bus_0565-l.png,Validation
./data_Image/Images/bus_0565-r.png,./data_Image/Mask/bus_0565-r.png,Train
./data_Image/Images/bus_0566-l.png,./data_Image/Mask/bus_0566-l.png,Train
./data_Image/Images/bus_0566-r.png,./data_Image/Mask/bus_0566-r.png,Train
./data_Image/Images/bus_0567-l.png,./data_Image/Mask/bus_0567-l.png,Train
./data_Image/Images/bus_0567-r.png,./data_Image/Mask/bus_0567-r.png,Train
./data_Image/Images/bus_0568-l.png,./data_Image/Mask/bus_0568-l.png,Train
./data_Image/Images/bus_0568-r.png,./data_Image/Mask/bus_0568-r.png,Train
./data_Image/Images/bus_0569-l.png,./data_Image/Mask/bus_0569-l.png,Test
./data_Image/Images/bus_0569-r.png,./data_Image/Mask/bus_0569-r.png,Test
./data_Image/Images/bus_0570-l.png,./data_Image/Mask/bus_0570-l.png,Train
./data_Image/Images/bus_0570-r.png,./data_Image/Mask/bus_0570-r.png,Test
./data_Image/Images/bus_0571-l.png,./data_Image/Mask/bus_0571-l.png,Test
./data_Image/Images/bus_0571-r.png,./data_Image/Mask/bus_0571-r.png,Train
./data_Image/Images/bus_0572-l.png,./data_Image/Mask/bus_0572-l.png,Validation
./data_Image/Images/bus_0572-r.png,./data_Image/Mask/bus_0572-r.png,Validation
./data_Image/Images/bus_0573-l.png,./data_Image/Mask/bus_0573-l.png,Validation
./data_Image/Images/bus_0573-r.png,./data_Image/Mask/bus_0573-r.png,Test
./data_Image/Images/bus_0574-l.png,./data_Image/Mask/bus_0574-l.png,Train
./data_Image/Images/bus_0574-r.png,./data_Image/Mask/bus_0574-r.png,Train
./data_Image/Images/bus_0575-l.png,./data_Image/Mask/bus_0575-l.png,Train
./data_Image/Images/bus_0575-r.png,./data_Image/Mask/bus_0575-r.png,Train
./data_Image/Images/bus_0576-l.png,./data_Image/Mask/bus_0576-l.png,Test
./data_Image/Images/bus_0576-r.png,./data_Image/Mask/bus_0576-r.png,Train
./data_Image/Images/bus_0577-l.png,./data_Image/Mask/bus_0577-l.png,Train
./data_Image/Images/bus_0577-r.png,./data_Image/Mask/bus_0577-r.png,Train
./data_Image/Images/bus_0578-l.png,./data_Image/Mask/bus_0578-l.png,Train
./data_Image/Images/bus_0578-r.png,./data_Image/Mask/bus_0578-r.png,Train
./data_Image/Images/bus_0579-l.png,./data_Image/Mask/bus_0579-l.png,Train
./data_Image/Images/bus_0579-r.png,./data_Image/Mask/bus_0579-r.png,Train
./data_Image/Images/bus_0580-l.png,./data_Image/Mask/bus_0580-l.png,Train
./data_Image/Images/bus_0580-r.png,./data_Image/Mask/bus_0580-r.png,Train
./data_Image/Images/bus_0581-l.png,./data_Image/Mask/bus_0581-l.png,Train
./data_Image/Images/bus_0581-r.png,./data_Image/Mask/bus_0581-r.png,Train
./data_Image/Images/bus_0582-l.png,./data_Image/Mask/bus_0582-l.png,Test
./data_Image/Images/bus_0582-r.png,./data_Image/Mask/bus_0582-r.png,Test
./data_Image/Images/bus_0583-l.png,./data_Image/Mask/bus_0583-l.png,Train
./data_Image/Images/bus_0583-r.png,./data_Image/Mask/bus_0583-r.png,Train
./data_Image/Images/bus_0584-l.png,./data_Image/Mask/bus_0584-l.png,Train
./data_Image/Images/bus_0584-r.png,./data_Image/Mask/bus_0584-r.png,Train
./data_Image/Images/bus_0585-l.png,./data_Image/Mask/bus_0585-l.png,Train
./data_Image/Images/bus_0585-r.png,./data_Image/Mask/bus_0585-r.png,Test
./data_Image/Images/bus_0586-l.png,./data_Image/Mask/bus_0586-l.png,Train
./data_Image/Images/bus_0586-r.png,./data_Image/Mask/bus_0586-r.png,Train
./data_Image/Images/bus_0587-l.png,./data_Image/Mask/bus_0587-l.png,Train
./data_Image/Images/bus_0587-r.png,./data_Image/Mask/bus_0587-r.png,Train
./data_Image/Images/bus_0588-l.png,./data_Image/Mask/bus_0588-l.png,Train
./data_Image/Images/bus_0588-r.png,./data_Image/Mask/bus_0588-r.png,Train
./data_Image/Images/bus_0589-l.png,./data_Image/Mask/bus_0589-l.png,Train
./data_Image/Images/bus_0589-r.png,./data_Image/Mask/bus_0589-r.png,Train
./data_Image/Images/bus_0590-l.png,./data_Image/Mask/bus_0590-l.png,Train
./data_Image/Images/bus_0590-r.png,./data_Image/Mask/bus_0590-r.png,Validation
./data_Image/Images/bus_0591-l.png,./data_Image/Mask/bus_0591-l.png,Train
./data_Image/Images/bus_0591-r.png,./data_Image/Mask/bus_0591-r.png,Train
./data_Image/Images/bus_0592-l.png,./data_Image/Mask/bus_0592-l.png,Validation
./data_Image/Images/bus_0592-r.png,./data_Image/Mask/bus_0592-r.png,Train
./data_Image/Images/bus_0593-l.png,./data_Image/Mask/bus_0593-l.png,Train
./data_Image/Images/bus_0593-r.png,./data_Image/Mask/bus_0593-r.png,Train
./data_Image/Images/bus_0594-l.png,./data_Image/Mask/bus_0594-l.png,Train
./data_Image/Images/bus_0594-r.png,./data_Image/Mask/bus_0594-r.png,Test
./data_Image/Images/bus_0595-l.png,./data_Image/Mask/bus_0595-l.png,Train
./data_Image/Images/bus_0595-r.png,./data_Image/Mask/bus_0595-r.png,Test
./data_Image/Images/bus_0596-l.png,./data_Image/Mask/bus_0596-l.png,Train
./data_Image/Images/bus_0596-r.png,./data_Image/Mask/bus_0596-r.png,Test
./data_Image/Images/bus_0597-l.png,./data_Image/Mask/bus_0597-l.png,Train
./data_Image/Images/bus_0597-r.png,./data_Image/Mask/bus_0597-r.png,Train
./data_Image/Images/bus_0598-l.png,./data_Image/Mask/bus_0598-l.png,Train
./data_Image/Images/bus_0598-r.png,./data_Image/Mask/bus_0598-r.png,Train
./data_Image/Images/bus_0599-l.png,./data_Image/Mask/bus_0599-l.png,Test
./data_Image/Images/bus_0599-r.png,./data_Image/Mask/bus_0599-r.png,Train
./data_Image/Images/bus_0600-l.png,./data_Image/Mask/bus_0600-l.png,Test
./data_Image/Images/bus_0600-r.png,./data_Image/Mask/bus_0600-r.png,Train
./data_Image/Images/bus_0601-l.png,./data_Image/Mask/bus_0601-l.png,Validation
./data_Image/Images/bus_0601-r.png,./data_Image/Mask/bus_0601-r.png,Train
./data_Image/Images/bus_0602-l.png,./data_Image/Mask/bus_0602-l.png,Train
./data_Image/Images/bus_0602-r.png,./data_Image/Mask/bus_0602-r.png,Train
./data_Image/Images/bus_0603-l.png,./data_Image/Mask/bus_0603-l.png,Train
./data_Image/Images/bus_0603-r.png,./data_Image/Mask/bus_0603-r.png,Test
./data_Image/Images/bus_0604-l.png,./data_Image/Mask/bus_0604-l.png,Test
./data_Image/Images/bus_0604-r.png,./data_Image/Mask/bus_0604-r.png,Test
./data_Image/Images/bus_0605-l.png,./data_Image/Mask/bus_0605-l.png,Train
./data_Image/Images/bus_0605-r.png,./data_Image/Mask/bus_0605-r.png,Train
./data_Image/Images/bus_0606-l.png,./data_Image/Mask/bus_0606-l.png,Validation
./data_Image/Images/bus_0606-r.png,./data_Image/Mask/bus_0606-r.png,Train
./data_Image/Images/bus_0607-l.png,./data_Image/Mask/bus_0607-l.png,Train
./data_Image/Images/bus_0607-r.png,./data_Image/Mask/bus_0607-r.png,Train
./data_Image/Images/bus_0608-l.png,./data_Image/Mask/bus_0608-l.png,Test
./data_Image/Images/bus_0608-r.png,./data_Image/Mask/bus_0608-r.png,Train
./data_Image/Images/bus_0609-l.png,./data_Image/Mask/bus_0609-l.png,Test
./data_Image/Images/bus_0609-r.png,./data_Image/Mask/bus_0609-r.png,Train
./data_Image/Images/bus_0610-l.png,./data_Image/Mask/bus_0610-l.png,Test
./data_Image/Images/bus_0610-r.png,./data_Image/Mask/bus_0610-r.png,Train
./data_Image/Images/bus_0611-l.png,./data_Image/Mask/bus_0611-l.png,Train
./data_Image/Images/bus_0611-r.png,./data_Image/Mask/bus_0611-r.png,Test
./data_Image/Images/bus_0612-l.png,./data_Image/Mask/bus_0612-l.png,Train
./data_Image/Images/bus_0612-r.png,./data_Image/Mask/bus_0612-r.png,Train
./data_Image/Images/bus_0613-l.png,./data_Image/Mask/bus_0613-l.png,Train
./data_Image/Images/bus_0613-r.png,./data_Image/Mask/bus_0613-r.png,Train
./data_Image/Images/bus_0614-l.png,./data_Image/Mask/bus_0614-l.png,Train
./data_Image/Images/bus_0614-r.png,./data_Image/Mask/bus_0614-r.png,Train
./data_Image/Images/bus_0615-l.png,./data_Image/Mask/bus_0615-l.png,Train
./data_Image/Images/bus_0615-r.png,./data_Image/Mask/bus_0615-r.png,Validation
./data_Image/Images/bus_0616-l.png,./data_Image/Mask/bus_0616-l.png,Train
./data_Image/Images/bus_0616-r.png,./data_Image/Mask/bus_0616-r.png,Validation
./data_Image/Images/bus_0617-l.png,./data_Image/Mask/bus_0617-l.png,Test
./data_Image/Images/bus_0617-r.png,./data_Image/Mask/bus_0617-r.png,Train
./data_Image/Images/bus_0618-l.png,./data_Image/Mask/bus_0618-l.png,Train
./data_Image/Images/bus_0618-r.png,./data_Image/Mask/bus_0618-r.png,Train
./data_Image/Images/bus_0619-l.png,./data_Image/Mask/bus_0619-l.png,Train
./data_Image/Images/bus_0619-r.png,./data_Image/Mask/bus_0619-r.png,Train
./data_Image/Images/bus_0620-l.png,./data_Image/Mask/bus_0620-l.png,Test
./data_Image/Images/bus_0620-r.png,./data_Image/Mask/bus_0620-r.png,Validation
./data_Image/Images/bus_0621-l.png,./data_Image/Mask/bus_0621-l.png,Train
./data_Image/Images/bus_0621-r.png,./data_Image/Mask/bus_0621-r.png,Train
./data_Image/Images/bus_0622-l.png,./data_Image/Mask/bus_0622-l.png,Train
./data_Image/Images/bus_0622-r.png,./data_Image/Mask/bus_0622-r.png,Validation
./data_Image/Images/bus_0623-l.png,./data_Image/Mask/bus_0623-l.png,Test
./data_Image/Images/bus_0623-r.png,./data_Image/Mask/bus_0623-r.png,Train
./data_Image/Images/bus_0624-l.png,./data_Image/Mask/bus_0624-l.png,Train
./data_Image/Images/bus_0624-r.png,./data_Image/Mask/bus_0624-r.png,Train
./data_Image/Images/bus_0625-l.png,./data_Image/Mask/bus_0625-l.png,Validation
./data_Image/Images/bus_0625-r.png,./data_Image/Mask/bus_0625-r.png,Train
./data_Image/Images/bus_0626-l.png,./data_Image/Mask/bus_0626-l.png,Train
./data_Image/Images/bus_0626-r.png,./data_Image/Mask/bus_0626-r.png,Test
./data_Image/Images/bus_0627-l.png,./data_Image/Mask/bus_0627-l.png,Validation
./data_Image/Images/bus_0627-r.png,./data_Image/Mask/bus_0627-r.png,Train
./data_Image/Images/bus_0628-l.png,./data_Image/Mask/bus_0628-l.png,Test
./data_Image/Images/bus_0628-r.png,./data_Image/Mask/bus_0628-r.png,Train
./data_Image/Images/bus_0629-l.png,./data_Image/Mask/bus_0629-l.png,Test
./data_Image/Images/bus_0629-r.png,./data_Image/Mask/bus_0629-r.png,Train
./data_Image/Images/bus_0630-l.png,./data_Image/Mask/bus_0630-l.png,Validation
./data_Image/Images/bus_0630-r.png,./data_Image/Mask/bus_0630-r.png,Train
./data_Image/Images/bus_0631-l.png,./data_Image/Mask/bus_0631-l.png,Train
./data_Image/Images/bus_0631-r.png,./data_Image/Mask/bus_0631-r.png,Validation
./data_Image/Images/bus_0632-l.png,./data_Image/Mask/bus_0632-l.png,Train
./data_Image/Images/bus_0632-r.png,./data_Image/Mask/bus_0632-r.png,Train
./data_Image/Images/bus_0633-l.png,./data_Image/Mask/bus_0633-l.png,Train
./data_Image/Images/bus_0633-r.png,./data_Image/Mask/bus_0633-r.png,Train
./data_Image/Images/bus_0634-l.png,./data_Image/Mask/bus_0634-l.png,Validation
./data_Image/Images/bus_0634-r.png,./data_Image/Mask/bus_0634-r.png,Test
./data_Image/Images/bus_0635-l.png,./data_Image/Mask/bus_0635-l.png,Train
./data_Image/Images/bus_0635-r.png,./data_Image/Mask/bus_0635-r.png,Train
./data_Image/Images/bus_0636-l.png,./data_Image/Mask/bus_0636-l.png,Test
./data_Image/Images/bus_0636-r.png,./data_Image/Mask/bus_0636-r.png,Train
./data_Image/Images/bus_0637-l.png,./data_Image/Mask/bus_0637-l.png,Train
./data_Image/Images/bus_0637-r.png,./data_Image/Mask/bus_0637-r.png,Test
./data_Image/Images/bus_0638-l.png,./data_Image/Mask/bus_0638-l.png,Train
./data_Image/Images/bus_0638-r.png,./data_Image/Mask/bus_0638-r.png,Test
./data_Image/Images/bus_0639-l.png,./data_Image/Mask/bus_0639-l.png,Validation
./data_Image/Images/bus_0639-r.png,./data_Image/Mask/bus_0639-r.png,Train
./data_Image/Images/bus_0640-l.png,./data_Image/Mask/bus_0640-l.png,Train
./data_Image/Images/bus_0640-r.png,./data_Image/Mask/bus_0640-r.png,Train
./data_Image/Images/bus_0641-l.png,./data_Image/Mask/bus_0641-l.png,Train
./data_Image/Images/bus_0641-r.png,./data_Image/Mask/bus_0641-r.png,Train
./data_Image/Images/bus_0642-l.png,./data_Image/Mask/bus_0642-l.png,Train
./data_Image/Images/bus_0642-r.png,./data_Image/Mask/bus_0642-r.png,Test
./data_Image/Images/bus_0643-l.png,./data_Image/Mask/bus_0643-l.png,Train
./data_Image/Images/bus_0643-r.png,./data_Image/Mask/bus_0643-r.png,Train
./data_Image/Images/bus_0644-l.png,./data_Image/Mask/bus_0644-l.png,Train
./data_Image/Images/bus_0644-r.png,./data_Image/Mask/bus_0644-r.png,Validation
./data_Image/Images/bus_0645-l.png,./data_Image/Mask/bus_0645-l.png,Train
./data_Image/Images/bus_0645-r.png,./data_Image/Mask/bus_0645-r.png,Test
./data_Image/Images/bus_0646-l.png,./data_Image/Mask/bus_0646-l.png,Train
./data_Image/Images/bus_0646-r.png,./data_Image/Mask/bus_0646-r.png,Train
./data_Image/Images/bus_0647-l.png,./data_Image/Mask/bus_0647-l.png,Train
./data_Image/Images/bus_0647-r.png,./data_Image/Mask/bus_0647-r.png,Train
./data_Image/Images/bus_0648-l.png,./data_Image/Mask/bus_0648-l.png,Train
./data_Image/Images/bus_0648-r.png,./data_Image/Mask/bus_0648-r.png,Train
./data_Image/Images/bus_0649-l.png,./data_Image/Mask/bus_0649-l.png,Train
./data_Image/Images/bus_0649-r.png,./data_Image/Mask/bus_0649-r.png,Validation
./data_Image/Images/bus_0650-l.png,./data_Image/Mask/bus_0650-l.png,Train
./data_Image/Images/bus_0650-r.png,./data_Image/Mask/bus_0650-r.png,Train
./data_Image/Images/bus_0651-l.png,./data_Image/Mask/bus_0651-l.png,Train
./data_Image/Images/bus_0651-r.png,./data_Image/Mask/bus_0651-r.png,Train
./data_Image/Images/bus_0652-l.png,./data_Image/Mask/bus_0652-l.png,Train
./data_Image/Images/bus_0652-r.png,./data_Image/Mask/bus_0652-r.png,Validation
./data_Image/Images/bus_0653-l.png,./data_Image/Mask/bus_0653-l.png,Train
./data_Image/Images/bus_0653-r.png,./data_Image/Mask/bus_0653-r.png,Train
./data_Image/Images/bus_0654-l.png,./data_Image/Mask/bus_0654-l.png,Train
./data_Image/Images/bus_0654-r.png,./data_Image/Mask/bus_0654-r.png,Train
./data_Image/Images/bus_0655-l.png,./data_Image/Mask/bus_0655-l.png,Train
./data_Image/Images/bus_0655-r.png,./data_Image/Mask/bus_0655-r.png,Train
./data_Image/Images/bus_0656-l.png,./data_Image/Mask/bus_0656-l.png,Test
./data_Image/Images/bus_0656-r.png,./data_Image/Mask/bus_0656-r.png,Train
./data_Image/Images/bus_0657-l.png,./data_Image/Mask/bus_0657-l.png,Train
./data_Image/Images/bus_0657-r.png,./data_Image/Mask/bus_0657-r.png,Test
./data_Image/Images/bus_0658-s.png,./data_Image/Mask/bus_0658-s.png,Train
./data_Image/Images/bus_0659-l.png,./data_Image/Mask/bus_0659-l.png,Validation
./data_Image/Images/bus_0659-r.png,./data_Image/Mask/bus_0659-r.png,Validation
./data_Image/Images/bus_0660-l.png,./data_Image/Mask/bus_0660-l.png,Train
./data_Image/Images/bus_0660-r.png,./data_Image/Mask/bus_0660-r.png,Train
./data_Image/Images/bus_0661-l.png,./data_Image/Mask/bus_0661-l.png,Train
./data_Image/Images/bus_0661-r.png,./data_Image/Mask/bus_0661-r.png,Train
./data_Image/Images/bus_0662-l.png,./data_Image/Mask/bus_0662-l.png,Train
./data_Image/Images/bus_0662-r.png,./data_Image/Mask/bus_0662-r.png,Train
./data_Image/Images/bus_0663-l.png,./data_Image/Mask/bus_0663-l.png,Train
./data_Image/Images/bus_0663-r.png,./data_Image/Mask/bus_0663-r.png,Train
./data_Image/Images/bus_0664-s.png,./data_Image/Mask/bus_0664-s.png,Validation
./data_Image/Images/bus_0665-l.png,./data_Image/Mask/bus_0665-l.png,Test
./data_Image/Images/bus_0665-r.png,./data_Image/Mask/bus_0665-r.png,Train
./data_Image/Images/bus_0666-l.png,./data_Image/Mask/bus_0666-l.png,Validation
./data_Image/Images/bus_0666-r.png,./data_Image/Mask/bus_0666-r.png,Train
./data_Image/Images/bus_0667-l.png,./data_Image/Mask/bus_0667-l.png,Train
./data_Image/Images/bus_0667-r.png,./data_Image/Mask/bus_0667-r.png,Train
./data_Image/Images/bus_0668-l.png,./data_Image/Mask/bus_0668-l.png,Train
./data_Image/Images/bus_0668-r.png,./data_Image/Mask/bus_0668-r.png,Validation
./data_Image/Images/bus_0669-l.png,./data_Image/Mask/bus_0669-l.png,Train
./data_Image/Images/bus_0669-r.png,./data_Image/Mask/bus_0669-r.png,Test
./data_Image/Images/bus_0670-l.png,./data_Image/Mask/bus_0670-l.png,Test
./data_Image/Images/bus_0670-r.png,./data_Image/Mask/bus_0670-r.png,Train
./data_Image/Images/bus_0671-l.png,./data_Image/Mask/bus_0671-l.png,Train
./data_Image/Images/bus_0671-r.png,./data_Image/Mask/bus_0671-r.png,Train
./data_Image/Images/bus_0672-l.png,./data_Image/Mask/bus_0672-l.png,Validation
./data_Image/Images/bus_0672-r.png,./data_Image/Mask/bus_0672-r.png,Train
./data_Image/Images/bus_0673-l.png,./data_Image/Mask/bus_0673-l.png,Validation
./data_Image/Images/bus_0673-r.png,./data_Image/Mask/bus_0673-r.png,Test
./data_Image/Images/bus_0674-l.png,./data_Image/Mask/bus_0674-l.png,Validation
./data_Image/Images/bus_0674-r.png,./data_Image/Mask/bus_0674-r.png,Train
./data_Image/Images/bus_0675-s.png,./data_Image/Mask/bus_0675-s.png,Train
./data_Image/Images/bus_0676-s.png,./data_Image/Mask/bus_0676-s.png,Train
./data_Image/Images/bus_0677-s.png,./data_Image/Mask/bus_0677-s.png,Test
./data_Image/Images/bus_0678-s.png,./data_Image/Mask/bus_0678-s.png,Validation
./data_Image/Images/bus_0679-s.png,./data_Image/Mask/bus_0679-s.png,Train
./data_Image/Images/bus_0680-s.png,./data_Image/Mask/bus_0680-s.png,Train
./data_Image/Images/bus_0681-s.png,./data_Image/Mask/bus_0681-s.png,Train
./data_Image/Images/bus_0682-s.png,./data_Image/Mask/bus_0682-s.png,Train
./data_Image/Images/bus_0683-s.png,./data_Image/Mask/bus_0683-s.png,Train
./data_Image/Images/bus_0684-s.png,./data_Image/Mask/bus_0684-s.png,Train
./data_Image/Images/bus_0685-l.png,./data_Image/Mask/bus_0685-l.png,Train
./data_Image/Images/bus_0685-r.png,./data_Image/Mask/bus_0685-r.png,Train
./data_Image/Images/bus_0686-s.png,./data_Image/Mask/bus_0686-s.png,Test
./data_Image/Images/bus_0687-s.png,./data_Image/Mask/bus_0687-s.png,Train
./data_Image/Images/bus_0688-s.png,./data_Image/Mask/bus_0688-s.png,Validation
./data_Image/Images/bus_0689-s.png,./data_Image/Mask/bus_0689-s.png,Test
./data_Image/Images/bus_0690-s.png,./data_Image/Mask/bus_0690-s.png,Train
./data_Image/Images/bus_0691-s.png,./data_Image/Mask/bus_0691-s.png,Train
./data_Image/Images/bus_0692-s.png,./data_Image/Mask/bus_0692-s.png,Train
./data_Image/Images/bus_0693-s.png,./data_Image/Mask/bus_0693-s.png,Test
./data_Image/Images/bus_0694-s.png,./data_Image/Mask/bus_0694-s.png,Train
./data_Image/Images/bus_0695-l.png,./data_Image/Mask/bus_0695-l.png,Train
./data_Image/Images/bus_0695-r.png,./data_Image/Mask/bus_0695-r.png,Train
./data_Image/Images/bus_0696-s.png,./data_Image/Mask/bus_0696-s.png,Test
./data_Image/Images/bus_0697-l.png,./data_Image/Mask/bus_0697-l.png,Train
./data_Image/Images/bus_0697-r.png,./data_Image/Mask/bus_0697-r.png,Test
./data_Image/Images/bus_0698-s.png,./data_Image/Mask/bus_0698-s.png,Validation
./data_Image/Images/bus_0699-s.png,./data_Image/Mask/bus_0699-s.png,Train
./data_Image/Images/bus_0700-s.png,./data_Image/Mask/bus_0700-s.png,Validation
./data_Image/Images/bus_0701-s.png,./data_Image/Mask/bus_0701-s.png,Train
./data_Image/Images/bus_0702-s.png,./data_Image/Mask/bus_0702-s.png,Test
./data_Image/Images/bus_0703-s.png,./data_Image/Mask/bus_0703-s.png,Validation
./data_Image/Images/bus_0704-s.png,./data_Image/Mask/bus_0704-s.png,Validation
./data_Image/Images/bus_0705-s.png,./data_Image/Mask/bus_0705-s.png,Train
./data_Image/Images/bus_0706-s.png,./data_Image/Mask/bus_0706-s.png,Train
./data_Image/Images/bus_0707-s.png,./data_Image/Mask/bus_0707-s.png,Validation
./data_Image/Images/bus_0708-s.png,./data_Image/Mask/bus_0708-s.png,Validation
./data_Image/Images/bus_0709-s.png,./data_Image/Mask/bus_0709-s.png,Train
./data_Image/Images/bus_0710-s.png,./data_Image/Mask/bus_0710-s.png,Train
./data_Image/Images/bus_0711-s.png,./data_Image/Mask/bus_0711-s.png,Train
./data_Image/Images/bus_0712-s.png,./data_Image/Mask/bus_0712-s.png,Train
./data_Image/Images/bus_0713-l.png,./data_Image/Mask/bus_0713-l.png,Train
./data_Image/Images/bus_0713-r.png,./data_Image/Mask/bus_0713-r.png,Train
./data_Image/Images/bus_0714-s.png,./data_Image/Mask/bus_0714-s.png,Train
./data_Image/Images/bus_0715-s.png,./data_Image/Mask/bus_0715-s.png,Train
./data_Image/Images/bus_0716-s.png,./data_Image/Mask/bus_0716-s.png,Train
./data_Image/Images/bus_0717-s.png,./data_Image/Mask/bus_0717-s.png,Train
./data_Image/Images/bus_0718-s.png,./data_Image/Mask/bus_0718-s.png,Train
./data_Image/Images/bus_0719-s.png,./data_Image/Mask/bus_0719-s.png,Test
./data_Image/Images/bus_0720-s.png,./data_Image/Mask/bus_0720-s.png,Train
./data_Image/Images/bus_0721-s.png,./data_Image/Mask/bus_0721-s.png,Train
./data_Image/Images/bus_0722-s.png,./data_Image/Mask/bus_0722-s.png,Train
./data_Image/Images/bus_0723-s.png,./data_Image/Mask/bus_0723-s.png,Test
./data_Image/Images/bus_0724-s.png,./data_Image/Mask/bus_0724-s.png,Train
./data_Image/Images/bus_0725-s.png,./data_Image/Mask/bus_0725-s.png,Validation
./data_Image/Images/bus_0726-s.png,./data_Image/Mask/bus_0726-s.png,Train
./data_Image/Images/bus_0727-s.png,./data_Image/Mask/bus_0727-s.png,Train
./data_Image/Images/bus_0728-s.png,./data_Image/Mask/bus_0728-s.png,Train
./data_Image/Images/bus_0729-s.png,./data_Image/Mask/bus_0729-s.png,Train
./data_Image/Images/bus_0730-s.png,./data_Image/Mask/bus_0730-s.png,Validation
./data_Image/Images/bus_0731-s.png,./data_Image/Mask/bus_0731-s.png,Train
./data_Image/Images/bus_0732-s.png,./data_Image/Mask/bus_0732-s.png,Validation
./data_Image/Images/bus_0733-s.png,./data_Image/Mask/bus_0733-s.png,Train
./data_Image/Images/bus_0734-s.png,./data_Image/Mask/bus_0734-s.png,Train
./data_Image/Images/bus_0735-s.png,./data_Image/Mask/bus_0735-s.png,Train
./data_Image/Images/bus_0736-s.png,./data_Image/Mask/bus_0736-s.png,Train
./data_Image/Images/bus_0737-s.png,./data_Image/Mask/bus_0737-s.png,Train
./data_Image/Images/bus_0738-s.png,./data_Image/Mask/bus_0738-s.png,Validation
./data_Image/Images/bus_0739-s.png,./data_Image/Mask/bus_0739-s.png,Train
./data_Image/Images/bus_0740-s.png,./data_Image/Mask/bus_0740-s.png,Test
./data_Image/Images/bus_0741-s.png,./data_Image/Mask/bus_0741-s.png,Train
./data_Image/Images/bus_0742-s.png,./data_Image/Mask/bus_0742-s.png,Train
./data_Image/Images/bus_0743-s.png,./data_Image/Mask/bus_0743-s.png,Train
./data_Image/Images/bus_0744-s.png,./data_Image/Mask/bus_0744-s.png,Train
./data_Image/Images/bus_0745-s.png,./data_Image/Mask/bus_0745-s.png,Train
./data_Image/Images/bus_0746-s.png,./data_Image/Mask/bus_0746-s.png,Test
./data_Image/Images/bus_0747-s.png,./data_Image/Mask/bus_0747-s.png,Validation
./data_Image/Images/bus_0748-s.png,./data_Image/Mask/bus_0748-s.png,Train
./data_Image/Images/bus_0749-s.png,./data_Image/Mask/bus_0749-s.png,Train
./data_Image/Images/bus_0750-s.png,./data_Image/Mask/bus_0750-s.png,Train
./data_Image/Images/bus_0751-s.png,./data_Image/Mask/bus_0751-s.png,Validation
./data_Image/Images/bus_0752-s.png,./data_Image/Mask/bus_0752-s.png,Train
./data_Image/Images/bus_0753-s.png,./data_Image/Mask/bus_0753-s.png,Train
./data_Image/Images/bus_0754-s.png,./data_Image/Mask/bus_0754-s.png,Train
./data_Image/Images/bus_0755-s.png,./data_Image/Mask/bus_0755-s.png,Train
./data_Image/Images/bus_0756-s.png,./data_Image/Mask/bus_0756-s.png,Train
./data_Image/Images/bus_0757-s.png,./data_Image/Mask/bus_0757-s.png,Test
./data_Image/Images/bus_0758-s.png,./data_Image/Mask/bus_0758-s.png,Train
./data_Image/Images/bus_0759-s.png,./data_Image/Mask/bus_0759-s.png,Test
./data_Image/Images/bus_0760-s.png,./data_Image/Mask/bus_0760-s.png,Validation
./data_Image/Images/bus_0761-s.png,./data_Image/Mask/bus_0761-s.png,Train
./data_Image/Images/bus_0762-s.png,./data_Image/Mask/bus_0762-s.png,Train
./data_Image/Images/bus_0763-s.png,./data_Image/Mask/bus_0763-s.png,Train
./data_Image/Images/bus_0764-s.png,./data_Image/Mask/bus_0764-s.png,Test
./data_Image/Images/bus_0765-s.png,./data_Image/Mask/bus_0765-s.png,Train
./data_Image/Images/bus_0766-s.png,./data_Image/Mask/bus_0766-s.png,Train
./data_Image/Images/bus_0767-s.png,./data_Image/Mask/bus_0767-s.png,Train
./data_Image/Images/bus_0768-s.png,./data_Image/Mask/bus_0768-s.png,Train
./data_Image/Images/bus_0769-s.png,./data_Image/Mask/bus_0769-s.png,Validation
./data_Image/Images/bus_0770-s.png,./data_Image/Mask/bus_0770-s.png,Train
./data_Image/Images/bus_0771-s.png,./data_Image/Mask/bus_0771-s.png,Train
./data_Image/Images/bus_0772-s.png,./data_Image/Mask/bus_0772-s.png,Train
./data_Image/Images/bus_0773-s.png,./data_Image/Mask/bus_0773-s.png,Train
./data_Image/Images/bus_0774-s.png,./data_Image/Mask/bus_0774-s.png,Train
./data_Image/Images/bus_0775-s.png,./data_Image/Mask/bus_0775-s.png,Train
./data_Image/Images/bus_0776-s.png,./data_Image/Mask/bus_0776-s.png,Train
./data_Image/Images/bus_0777-s.png,./data_Image/Mask/bus_0777-s.png,Test
./data_Image/Images/bus_0778-s.png,./data_Image/Mask/bus_0778-s.png,Train
./data_Image/Images/bus_0779-s.png,./data_Image/Mask/bus_0779-s.png,Train
./data_Image/Images/bus_0780-s.png,./data_Image/Mask/bus_0780-s.png,Train
./data_Image/Images/bus_0781-s.png,./data_Image/Mask/bus_0781-s.png,Train
./data_Image/Images/bus_0782-s.png,./data_Image/Mask/bus_0782-s.png,Train
./data_Image/Images/bus_0783-s.png,./data_Image/Mask/bus_0783-s.png,Train
./data_Image/Images/bus_0784-s.png,./data_Image/Mask/bus_0784-s.png,Train
./data_Image/Images/bus_0785-s.png,./data_Image/Mask/bus_0785-s.png,Train
./data_Image/Images/bus_0786-s.png,./data_Image/Mask/bus_0786-s.png,Train
./data_Image/Images/bus_0787-s.png,./data_Image/Mask/bus_0787-s.png,Test
./data_Image/Images/bus_0788-s.png,./data_Image/Mask/bus_0788-s.png,Train
./data_Image/Images/bus_0789-s.png,./data_Image/Mask/bus_0789-s.png,Train
./data_Image/Images/bus_0790-s.png,./data_Image/Mask/bus_0790-s.png,Train
./data_Image/Images/bus_0791-s.png,./data_Image/Mask/bus_0791-s.png,Test
./data_Image/Images/bus_0792-s.png,./data_Image/Mask/bus_0792-s.png,Test
./data_Image/Images/bus_0793-s.png,./data_Image/Mask/bus_0793-s.png,Train
./data_Image/Images/bus_0794-s.png,./data_Image/Mask/bus_0794-s.png,Train
./data_Image/Images/bus_0795-s.png,./data_Image/Mask/bus_0795-s.png,Validation
./data_Image/Images/bus_0796-s.png,./data_Image/Mask/bus_0796-s.png,Train
./data_Image/Images/bus_0797-s.png,./data_Image/Mask/bus_0797-s.png,Validation
./data_Image/Images/bus_0798-s.png,./data_Image/Mask/bus_0798-s.png,Train
./data_Image/Images/bus_0799-s.png,./data_Image/Mask/bus_0799-s.png,Test
./data_Image/Images/bus_0800-s.png,./data_Image/Mask/bus_0800-s.png,Train
./data_Image/Images/bus_0801-s.png,./data_Image/Mask/bus_0801-s.png,Train
./data_Image/Images/bus_0802-s.png,./data_Image/Mask/bus_0802-s.png,Validation
./data_Image/Images/bus_0803-s.png,./data_Image/Mask/bus_0803-s.png,Train
./data_Image/Images/bus_0804-s.png,./data_Image/Mask/bus_0804-s.png,Train
./data_Image/Images/bus_0805-s.png,./data_Image/Mask/bus_0805-s.png,Train
./data_Image/Images/bus_0806-s.png,./data_Image/Mask/bus_0806-s.png,Train
./data_Image/Images/bus_0807-s.png,./data_Image/Mask/bus_0807-s.png,Validation
./data_Image/Images/bus_0808-s.png,./data_Image/Mask/bus_0808-s.png,Validation
./data_Image/Images/bus_0809-s.png,./data_Image/Mask/bus_0809-s.png,Train
./data_Image/Images/bus_0810-s.png,./data_Image/Mask/bus_0810-s.png,Train
./data_Image/Images/bus_0811-s.png,./data_Image/Mask/bus_0811-s.png,Train
./data_Image/Images/bus_0812-s.png,./data_Image/Mask/bus_0812-s.png,Test
./data_Image/Images/bus_0813-s.png,./data_Image/Mask/bus_0813-s.png,Train
./data_Image/Images/bus_0814-s.png,./data_Image/Mask/bus_0814-s.png,Validation
./data_Image/Images/bus_0815-s.png,./data_Image/Mask/bus_0815-s.png,Train
./data_Image/Images/bus_0816-s.png,./data_Image/Mask/bus_0816-s.png,Validation
./data_Image/Images/bus_0817-s.png,./data_Image/Mask/bus_0817-s.png,Train
./data_Image/Images/bus_0818-s.png,./data_Image/Mask/bus_0818-s.png,Test
./data_Image/Images/bus_0819-s.png,./data_Image/Mask/bus_0819-s.png,Train
./data_Image/Images/bus_0820-s.png,./data_Image/Mask/bus_0820-s.png,Train
./data_Image/Images/bus_0821-s.png,./data_Image/Mask/bus_0821-s.png,Validation
./data_Image/Images/bus_0822-s.png,./data_Image/Mask/bus_0822-s.png,Train
./data_Image/Images/bus_0823-s.png,./data_Image/Mask/bus_0823-s.png,Train
./data_Image/Images/bus_0824-s.png,./data_Image/Mask/bus_0824-s.png,Train
./data_Image/Images/bus_0825-s.png,./data_Image/Mask/bus_0825-s.png,Train
./data_Image/Images/bus_0826-s.png,./data_Image/Mask/bus_0826-s.png,Train
./data_Image/Images/bus_0827-s.png,./data_Image/Mask/bus_0827-s.png,Train
./data_Image/Images/bus_0828-s.png,./data_Image/Mask/bus_0828-s.png,Train
./data_Image/Images/bus_0829-s.png,./data_Image/Mask/bus_0829-s.png,Train
./data_Image/Images/bus_0830-s.png,./data_Image/Mask/bus_0830-s.png,Train
./data_Image/Images/bus_0831-s.png,./data_Image/Mask/bus_0831-s.png,Train
./data_Image/Images/bus_0832-s.png,./data_Image/Mask/bus_0832-s.png,Train
./data_Image/Images/bus_0833-s.png,./data_Image/Mask/bus_0833-s.png,Test
./data_Image/Images/bus_0834-s.png,./data_Image/Mask/bus_0834-s.png,Train
./data_Image/Images/bus_0835-s.png,./data_Image/Mask/bus_0835-s.png,Test
./data_Image/Images/bus_0836-s.png,./data_Image/Mask/bus_0836-s.png,Train
./data_Image/Images/bus_0837-s.png,./data_Image/Mask/bus_0837-s.png,Test
./data_Image/Images/bus_0838-s.png,./data_Image/Mask/bus_0838-s.png,Train
./data_Image/Images/bus_0839-s.png,./data_Image/Mask/bus_0839-s.png,Train
./data_Image/Images/bus_0840-s.png,./data_Image/Mask/bus_0840-s.png,Validation
./data_Image/Images/bus_0841-s.png,./data_Image/Mask/bus_0841-s.png,Train
./data_Image/Images/bus_0842-s.png,./data_Image/Mask/bus_0842-s.png,Test
./data_Image/Images/bus_0843-s.png,./data_Image/Mask/bus_0843-s.png,Train
./data_Image/Images/bus_0844-s.png,./data_Image/Mask/bus_0844-s.png,Train
./data_Image/Images/bus_0845-s.png,./data_Image/Mask/bus_0845-s.png,Validation
./data_Image/Images/bus_0846-s.png,./data_Image/Mask/bus_0846-s.png,Train
./data_Image/Images/bus_0847-s.png,./data_Image/Mask/bus_0847-s.png,Train
./data_Image/Images/bus_0848-l.png,./data_Image/Mask/bus_0848-l.png,Train
./data_Image/Images/bus_0848-r.png,./data_Image/Mask/bus_0848-r.png,Train
./data_Image/Images/bus_0849-l.png,./data_Image/Mask/bus_0849-l.png,Test
./data_Image/Images/bus_0849-r.png,./data_Image/Mask/bus_0849-r.png,Train
./data_Image/Images/bus_0850-l.png,./data_Image/Mask/bus_0850-l.png,Train
./data_Image/Images/bus_0850-r.png,./data_Image/Mask/bus_0850-r.png,Train
./data_Image/Images/bus_0851-s.png,./data_Image/Mask/bus_0851-s.png,Train
./data_Image/Images/bus_0852-s.png,./data_Image/Mask/bus_0852-s.png,Train
./data_Image/Images/bus_0853-l.png,./data_Image/Mask/bus_0853-l.png,Train
./data_Image/Images/bus_0853-r.png,./data_Image/Mask/bus_0853-r.png,Test
./data_Image/Images/bus_0854-s.png,./data_Image/Mask/bus_0854-s.png,Train
./data_Image/Images/bus_0855-l.png,./data_Image/Mask/bus_0855-l.png,Train
./data_Image/Images/bus_0855-r.png,./data_Image/Mask/bus_0855-r.png,Train
./data_Image/Images/bus_0856-l.png,./data_Image/Mask/bus_0856-l.png,Train
./data_Image/Images/bus_0856-r.png,./data_Image/Mask/bus_0856-r.png,Train
./data_Image/Images/bus_0857-l.png,./data_Image/Mask/bus_0857-l.png,Validation
./data_Image/Images/bus_0857-r.png,./data_Image/Mask/bus_0857-r.png,Train
./data_Image/Images/bus_0858-l.png,./data_Image/Mask/bus_0858-l.png,Train
./data_Image/Images/bus_0858-r.png,./data_Image/Mask/bus_0858-r.png,Train
./data_Image/Images/bus_0859-l.png,./data_Image/Mask/bus_0859-l.png,Train
./data_Image/Images/bus_0859-r.png,./data_Image/Mask/bus_0859-r.png,Train
./data_Image/Images/bus_0860-l.png,./data_Image/Mask/bus_0860-l.png,Train
./data_Image/Images/bus_0860-r.png,./data_Image/Mask/bus_0860-r.png,Train
./data_Image/Images/bus_0861-l.png,./data_Image/Mask/bus_0861-l.png,Test
./data_Image/Images/bus_0861-r.png,./data_Image/Mask/bus_0861-r.png,Train
./data_Image/Images/bus_0862-l.png,./data_Image/Mask/bus_0862-l.png,Validation
./data_Image/Images/bus_0862-r.png,./data_Image/Mask/bus_0862-r.png,Validation
./data_Image/Images/bus_0863-l.png,./data_Image/Mask/bus_0863-l.png,Validation
./data_Image/Images/bus_0863-r.png,./data_Image/Mask/bus_0863-r.png,Train
./data_Image/Images/bus_0864-l.png,./data_Image/Mask/bus_0864-l.png,Train
./data_Image/Images/bus_0864-r.png,./data_Image/Mask/bus_0864-r.png,Train
./data_Image/Images/bus_0865-l.png,./data_Image/Mask/bus_0865-l.png,Train
./data_Image/Images/bus_0865-r.png,./data_Image/Mask/bus_0865-r.png,Train
./data_Image/Images/bus_0866-l.png,./data_Image/Mask/bus_0866-l.png,Train
./data_Image/Images/bus_0866-r.png,./data_Image/Mask/bus_0866-r.png,Train
./data_Image/Images/bus_0867-l.png,./data_Image/Mask/bus_0867-l.png,Test
./data_Image/Images/bus_0867-r.png,./data_Image/Mask/bus_0867-r.png,Train
./data_Image/Images/bus_0868-l.png,./data_Image/Mask/bus_0868-l.png,Train
./data_Image/Images/bus_0868-r.png,./data_Image/Mask/bus_0868-r.png,Validation
./data_Image/Images/bus_0869-l.png,./data_Image/Mask/bus_0869-l.png,Train
./data_Image/Images/bus_0869-r.png,./data_Image/Mask/bus_0869-r.png,Train
./data_Image/Images/bus_0870-l.png,./data_Image/Mask/bus_0870-l.png,Train
./data_Image/Images/bus_0870-r.png,./data_Image/Mask/bus_0870-r.png,Test
./data_Image/Images/bus_0871-s.png,./data_Image/Mask/bus_0871-s.png,Test
./data_Image/Images/bus_0872-l.png,./data_Image/Mask/bus_0872-l.png,Train
./data_Image/Images/bus_0872-r.png,./data_Image/Mask/bus_0872-r.png,Test
./data_Image/Images/bus_0873-l.png,./data_Image/Mask/bus_0873-l.png,Train
./data_Image/Images/bus_0873-r.png,./data_Image/Mask/bus_0873-r.png,Train
./data_Image/Images/bus_0874-l.png,./data_Image/Mask/bus_0874-l.png,Train
./data_Image/Images/bus_0874-r.png,./data_Image/Mask/bus_0874-r.png,Train
./data_Image/Images/bus_0875-l.png,./data_Image/Mask/bus_0875-l.png,Train
./data_Image/Images/bus_0875-r.png,./data_Image/Mask/bus_0875-r.png,Train
./data_Image/Images/bus_0876-l.png,./data_Image/Mask/bus_0876-l.png,Validation
./data_Image/Images/bus_0876-r.png,./data_Image/Mask/bus_0876-r.png,Train
./data_Image/Images/bus_0877-l.png,./data_Image/Mask/bus_0877-l.png,Test
./data_Image/Images/bus_0877-r.png,./data_Image/Mask/bus_0877-r.png,Train
./data_Image/Images/bus_0878-s.png,./data_Image/Mask/bus_0878-s.png,Test
./data_Image/Images/bus_0879-l.png,./data_Image/Mask/bus_0879-l.png,Train
./data_Image/Images/bus_0879-r.png,./data_Image/Mask/bus_0879-r.png,Train
./data_Image/Images/bus_0880-l.png,./data_Image/Mask/bus_0880-l.png,Validation
./data_Image/Images/bus_0880-r.png,./data_Image/Mask/bus_0880-r.png,Validation
./data_Image/Images/bus_0881-l.png,./data_Image/Mask/bus_0881-l.png,Train
./data_Image/Images/bus_0881-r.png,./data_Image/Mask/bus_0881-r.png,Test
./data_Image/Images/bus_0882-l.png,./data_Image/Mask/bus_0882-l.png,Train
./data_Image/Images/bus_0882-r.png,./data_Image/Mask/bus_0882-r.png,Train
./data_Image/Images/bus_0883-s.png,./data_Image/Mask/bus_0883-s.png,Train
./data_Image/Images/bus_0884-l.png,./data_Image/Mask/bus_0884-l.png,Validation
./data_Image/Images/bus_0884-r.png,./data_Image/Mask/bus_0884-r.png,Train
./data_Image/Images/bus_0885-l.png,./data_Image/Mask/bus_0885-l.png,Validation
./data_Image/Images/bus_0885-r.png,./data_Image/Mask/bus_0885-r.png,Validation
./data_Image/Images/bus_0886-s.png,./data_Image/Mask/bus_0886-s.png,Train
./data_Image/Images/bus_0887-l.png,./data_Image/Mask/bus_0887-l.png,Train
./data_Image/Images/bus_0887-r.png,./data_Image/Mask/bus_0887-r.png,Validation
./data_Image/Images/bus_0888-l.png,./data_Image/Mask/bus_0888-l.png,Train
./data_Image/Images/bus_0888-r.png,./data_Image/Mask/bus_0888-r.png,Train
./data_Image/Images/bus_0889-l.png,./data_Image/Mask/bus_0889-l.png,Validation
./data_Image/Images/bus_0889-r.png,./data_Image/Mask/bus_0889-r.png,Test
./data_Image/Images/bus_0890-l.png,./data_Image/Mask/bus_0890-l.png,Test
./data_Image/Images/bus_0890-r.png,./data_Image/Mask/bus_0890-r.png,Validation
./data_Image/Images/bus_0891-l.png,./data_Image/Mask/bus_0891-l.png,Test
./data_Image/Images/bus_0891-r.png,./data_Image/Mask/bus_0891-r.png,Validation
./data_Image/Images/bus_0892-l.png,./data_Image/Mask/bus_0892-l.png,Train
./data_Image/Images/bus_0892-r.png,./data_Image/Mask/bus_0892-r.png,Validation
./data_Image/Images/bus_0893-l.png,./data_Image/Mask/bus_0893-l.png,Validation
./data_Image/Images/bus_0893-r.png,./data_Image/Mask/bus_0893-r.png,Train
./data_Image/Images/bus_0894-s.png,./data_Image/Mask/bus_0894-s.png,Train
./data_Image/Images/bus_0895-l.png,./data_Image/Mask/bus_0895-l.png,Validation
./data_Image/Images/bus_0895-r.png,./data_Image/Mask/bus_0895-r.png,Test
./data_Image/Images/bus_0896-l.png,./data_Image/Mask/bus_0896-l.png,Validation
./data_Image/Images/bus_0896-r.png,./data_Image/Mask/bus_0896-r.png,Train
./data_Image/Images/bus_0897-l.png,./data_Image/Mask/bus_0897-l.png,Train
./data_Image/Images/bus_0897-r.png,./data_Image/Mask/bus_0897-r.png,Train
./data_Image/Images/bus_0898-l.png,./data_Image/Mask/bus_0898-l.png,Train
./data_Image/Images/bus_0898-r.png,./data_Image/Mask/bus_0898-r.png,Train
./data_Image/Images/bus_0899-s.png,./data_Image/Mask/bus_0899-s.png,Train
./data_Image/Images/bus_0900-l.png,./data_Image/Mask/bus_0900-l.png,Train
./data_Image/Images/bus_0900-r.png,./data_Image/Mask/bus_0900-r.png,Test
./data_Image/Images/bus_0901-l.png,./data_Image/Mask/bus_0901-l.png,Validation
./data_Image/Images/bus_0901-r.png,./data_Image/Mask/bus_0901-r.png,Test
./data_Image/Images/bus_0902-l.png,./data_Image/Mask/bus_0902-l.png,Train
./data_Image/Images/bus_0902-r.png,./data_Image/Mask/bus_0902-r.png,Validation
./data_Image/Images/bus_0903-l.png,./data_Image/Mask/bus_0903-l.png,Validation
./data_Image/Images/bus_0903-r.png,./data_Image/Mask/bus_0903-r.png,Train
./data_Image/Images/bus_0904-l.png,./data_Image/Mask/bus_0904-l.png,Test
./data_Image/Images/bus_0904-r.png,./data_Image/Mask/bus_0904-r.png,Train
./data_Image/Images/bus_0905-l.png,./data_Image/Mask/bus_0905-l.png,Train
./data_Image/Images/bus_0905-r.png,./data_Image/Mask/bus_0905-r.png,Validation
./data_Image/Images/bus_0906-l.png,./data_Image/Mask/bus_0906-l.png,Train
./data_Image/Images/bus_0906-r.png,./data_Image/Mask/bus_0906-r.png,Validation
./data_Image/Images/bus_0907-l.png,./data_Image/Mask/bus_0907-l.png,Train
./data_Image/Images/bus_0907-r.png,./data_Image/Mask/bus_0907-r.png,Validation
./data_Image/Images/bus_0908-l.png,./data_Image/Mask/bus_0908-l.png,Train
./data_Image/Images/bus_0908-r.png,./data_Image/Mask/bus_0908-r.png,Train
./data_Image/Images/bus_0909-l.png,./data_Image/Mask/bus_0909-l.png,Train
./data_Image/Images/bus_0909-r.png,./data_Image/Mask/bus_0909-r.png,Train
./data_Image/Images/bus_0910-l.png,./data_Image/Mask/bus_0910-l.png,Train
./data_Image/Images/bus_0910-r.png,./data_Image/Mask/bus_0910-r.png,Train
./data_Image/Images/bus_0911-l.png,./data_Image/Mask/bus_0911-l.png,Train
./data_Image/Images/bus_0911-r.png,./data_Image/Mask/bus_0911-r.png,Train
./data_Image/Images/bus_0912-l.png,./data_Image/Mask/bus_0912-l.png,Train
./data_Image/Images/bus_0912-r.png,./data_Image/Mask/bus_0912-r.png,Train
./data_Image/Images/bus_0913-l.png,./data_Image/Mask/bus_0913-l.png,Validation
./data_Image/Images/bus_0913-r.png,./data_Image/Mask/bus_0913-r.png,Test
./data_Image/Images/bus_0914-l.png,./data_Image/Mask/bus_0914-l.png,Train
./data_Image/Images/bus_0914-r.png,./data_Image/Mask/bus_0914-r.png,Test
./data_Image/Images/bus_0915-l.png,./data_Image/Mask/bus_0915-l.png,Train
./data_Image/Images/bus_0915-r.png,./data_Image/Mask/bus_0915-r.png,Train
./data_Image/Images/bus_0916-l.png,./data_Image/Mask/bus_0916-l.png,Train
./data_Image/Images/bus_0916-r.png,./data_Image/Mask/bus_0916-r.png,Test
./data_Image/Images/bus_0917-s.png,./data_Image/Mask/bus_0917-s.png,Test
./data_Image/Images/bus_0918-l.png,./data_Image/Mask/bus_0918-l.png,Train
./data_Image/Images/bus_0918-r.png,./data_Image/Mask/bus_0918-r.png,Test
./data_Image/Images/bus_0919-l.png,./data_Image/Mask/bus_0919-l.png,Train
./data_Image/Images/bus_0919-r.png,./data_Image/Mask/bus_0919-r.png,Train
./data_Image/Images/bus_0920-s.png,./data_Image/Mask/bus_0920-s.png,Train
./data_Image/Images/bus_0921-l.png,./data_Image/Mask/bus_0921-l.png,Train
./data_Image/Images/bus_0921-r.png,./data_Image/Mask/bus_0921-r.png,Train
./data_Image/Images/bus_0922-l.png,./data_Image/Mask/bus_0922-l.png,Train
./data_Image/Images/bus_0922-r.png,./data_Image/Mask/bus_0922-r.png,Train
./data_Image/Images/bus_0923-l.png,./data_Image/Mask/bus_0923-l.png,Train
./data_Image/Images/bus_0923-r.png,./data_Image/Mask/bus_0923-r.png,Train
./data_Image/Images/bus_0924-l.png,./data_Image/Mask/bus_0924-l.png,Train
./data_Image/Images/bus_0924-r.png,./data_Image/Mask/bus_0924-r.png,Train
./data_Image/Images/bus_0925-l.png,./data_Image/Mask/bus_0925-l.png,Test
./data_Image/Images/bus_0925-r.png,./data_Image/Mask/bus_0925-r.png,Validation
./data_Image/Images/bus_0926-l.png,./data_Image/Mask/bus_0926-l.png,Train
./data_Image/Images/bus_0926-r.png,./data_Image/Mask/bus_0926-r.png,Validation
./data_Image/Images/bus_0927-l.png,./data_Image/Mask/bus_0927-l.png,Train
./data_Image/Images/bus_0927-r.png,./data_Image/Mask/bus_0927-r.png,Train
./data_Image/Images/bus_0928-l.png,./data_Image/Mask/bus_0928-l.png,Train
./data_Image/Images/bus_0928-r.png,./data_Image/Mask/bus_0928-r.png,Train
./data_Image/Images/bus_0929-l.png,./data_Image/Mask/bus_0929-l.png,Train
./data_Image/Images/bus_0929-r.png,./data_Image/Mask/bus_0929-r.png,Validation
./data_Image/Images/bus_0930-l.png,./data_Image/Mask/bus_0930-l.png,Train
./data_Image/Images/bus_0930-r.png,./data_Image/Mask/bus_0930-r.png,Train
./data_Image/Images/bus_0931-l.png,./data_Image/Mask/bus_0931-l.png,Train
./data_Image/Images/bus_0931-r.png,./data_Image/Mask/bus_0931-r.png,Train
./data_Image/Images/bus_0932-l.png,./data_Image/Mask/bus_0932-l.png,Test
./data_Image/Images/bus_0932-r.png,./data_Image/Mask/bus_0932-r.png,Train
./data_Image/Images/bus_0933-l.png,./data_Image/Mask/bus_0933-l.png,Test
./data_Image/Images/bus_0933-r.png,./data_Image/Mask/bus_0933-r.png,Train
./data_Image/Images/bus_0934-l.png,./data_Image/Mask/bus_0934-l.png,Train
./data_Image/Images/bus_0934-r.png,./data_Image/Mask/bus_0934-r.png,Train
./data_Image/Images/bus_0935-l.png,./data_Image/Mask/bus_0935-l.png,Test
./data_Image/Images/bus_0935-r.png,./data_Image/Mask/bus_0935-r.png,Validation
./data_Image/Images/bus_0936-l.png,./data_Image/Mask/bus_0936-l.png,Test
./data_Image/Images/bus_0936-r.png,./data_Image/Mask/bus_0936-r.png,Train
./data_Image/Images/bus_0937-l.png,./data_Image/Mask/bus_0937-l.png,Train
./data_Image/Images/bus_0937-r.png,./data_Image/Mask/bus_0937-r.png,Train
./data_Image/Images/bus_0938-l.png,./data_Image/Mask/bus_0938-l.png,Train
./data_Image/Images/bus_0938-r.png,./data_Image/Mask/bus_0938-r.png,Train
./data_Image/Images/bus_0939-s.png,./data_Image/Mask/bus_0939-s.png,Test
./data_Image/Images/bus_0940-s.png,./data_Image/Mask/bus_0940-s.png,Test
./data_Image/Images/bus_0941-l.png,./data_Image/Mask/bus_0941-l.png,Train
./data_Image/Images/bus_0941-r.png,./data_Image/Mask/bus_0941-r.png,Train
./data_Image/Images/bus_0942-l.png,./data_Image/Mask/bus_0942-l.png,Train
./data_Image/Images/bus_0942-r.png,./data_Image/Mask/bus_0942-r.png,Validation
./data_Image/Images/bus_0943-s.png,./data_Image/Mask/bus_0943-s.png,Train
./data_Image/Images/bus_0944-l.png,./data_Image/Mask/bus_0944-l.png,Test
./data_Image/Images/bus_0944-r.png,./data_Image/Mask/bus_0944-r.png,Train
./data_Image/Images/bus_0945-l.png,./data_Image/Mask/bus_0945-l.png,Test
./data_Image/Images/bus_0945-r.png,./data_Image/Mask/bus_0945-r.png,Validation
./data_Image/Images/bus_0946-s.png,./data_Image/Mask/bus_0946-s.png,Test
./data_Image/Images/bus_0947-l.png,./data_Image/Mask/bus_0947-l.png,Test
./data_Image/Images/bus_0947-r.png,./data_Image/Mask/bus_0947-r.png,Train
./data_Image/Images/bus_0948-l.png,./data_Image/Mask/bus_0948-l.png,Train
./data_Image/Images/bus_0948-r.png,./data_Image/Mask/bus_0948-r.png,Validation
./data_Image/Images/bus_0949-l.png,./data_Image/Mask/bus_0949-l.png,Train
./data_Image/Images/bus_0949-r.png,./data_Image/Mask/bus_0949-r.png,Test
./data_Image/Images/bus_0950-l.png,./data_Image/Mask/bus_0950-l.png,Train
./data_Image/Images/bus_0950-r.png,./data_Image/Mask/bus_0950-r.png,Train
./data_Image/Images/bus_0951-l.png,./data_Image/Mask/bus_0951-l.png,Train
./data_Image/Images/bus_0951-r.png,./data_Image/Mask/bus_0951-r.png,Train
./data_Image/Images/bus_0952-l.png,./data_Image/Mask/bus_0952-l.png,Test
./data_Image/Images/bus_0952-r.png,./data_Image/Mask/bus_0952-r.png,Train
./data_Image/Images/bus_0953-l.png,./data_Image/Mask/bus_0953-l.png,Train
./data_Image/Images/bus_0953-r.png,./data_Image/Mask/bus_0953-r.png,Train
./data_Image/Images/bus_0954-l.png,./data_Image/Mask/bus_0954-l.png,Train
./data_Image/Images/bus_0954-r.png,./data_Image/Mask/bus_0954-r.png,Train
./data_Image/Images/bus_0955-l.png,./data_Image/Mask/bus_0955-l.png,Train
./data_Image/Images/bus_0955-r.png,./data_Image/Mask/bus_0955-r.png,Train
./data_Image/Images/bus_0956-l.png,./data_Image/Mask/bus_0956-l.png,Train
./data_Image/Images/bus_0956-r.png,./data_Image/Mask/bus_0956-r.png,Test
./data_Image/Images/bus_0957-s.png,./data_Image/Mask/bus_0957-s.png,Test
./data_Image/Images/bus_0958-l.png,./data_Image/Mask/bus_0958-l.png,Train
./data_Image/Images/bus_0958-r.png,./data_Image/Mask/bus_0958-r.png,Train
./data_Image/Images/bus_0959-s.png,./data_Image/Mask/bus_0959-s.png,Train
./data_Image/Images/bus_0960-l.png,./data_Image/Mask/bus_0960-l.png,Train
./data_Image/Images/bus_0960-r.png,./data_Image/Mask/bus_0960-r.png,Train
./data_Image/Images/bus_0961-l.png,./data_Image/Mask/bus_0961-l.png,Train
./data_Image/Images/bus_0961-r.png,./data_Image/Mask/bus_0961-r.png,Test
./data_Image/Images/bus_0962-l.png,./data_Image/Mask/bus_0962-l.png,Validation
./data_Image/Images/bus_0962-r.png,./data_Image/Mask/bus_0962-r.png,Train
./data_Image/Images/bus_0963-l.png,./data_Image/Mask/bus_0963-l.png,Train
./data_Image/Images/bus_0963-r.png,./data_Image/Mask/bus_0963-r.png,Train
./data_Image/Images/bus_0964-l.png,./data_Image/Mask/bus_0964-l.png,Train
./data_Image/Images/bus_0964-r.png,./data_Image/Mask/bus_0964-r.png,Train
./data_Image/Images/bus_0965-l.png,./data_Image/Mask/bus_0965-l.png,Validation
./data_Image/Images/bus_0965-r.png,./data_Image/Mask/bus_0965-r.png,Validation
./data_Image/Images/bus_0966-l.png,./data_Image/Mask/bus_0966-l.png,Test
./data_Image/Images/bus_0966-r.png,./data_Image/Mask/bus_0966-r.png,Train
./data_Image/Images/bus_0967-l.png,./data_Image/Mask/bus_0967-l.png,Test
./data_Image/Images/bus_0967-r.png,./data_Image/Mask/bus_0967-r.png,Train
./data_Image/Images/bus_0968-l.png,./data_Image/Mask/bus_0968-l.png,Train
./data_Image/Images/bus_0968-r.png,./data_Image/Mask/bus_0968-r.png,Train
./data_Image/Images/bus_0969-l.png,./data_Image/Mask/bus_0969-l.png,Train
./data_Image/Images/bus_0969-r.png,./data_Image/Mask/bus_0969-r.png,Train
./data_Image/Images/bus_0970-s.png,./data_Image/Mask/bus_0970-s.png,Train
./data_Image/Images/bus_0971-l.png,./data_Image/Mask/bus_0971-l.png,Validation
./data_Image/Images/bus_0971-r.png,./data_Image/Mask/bus_0971-r.png,Train
./data_Image/Images/bus_0972-s.png,./data_Image/Mask/bus_0972-s.png,Train
./data_Image/Images/bus_0973-l.png,./data_Image/Mask/bus_0973-l.png,Train
./data_Image/Images/bus_0973-r.png,./data_Image/Mask/bus_0973-r.png,Train
./data_Image/Images/bus_0974-l.png,./data_Image/Mask/bus_0974-l.png,Train
./data_Image/Images/bus_0974-r.png,./data_Image/Mask/bus_0974-r.png,Validation
./data_Image/Images/bus_0975-l.png,./data_Image/Mask/bus_0975-l.png,Validation
./data_Image/Images/bus_0975-r.png,./data_Image/Mask/bus_0975-r.png,Train
./data_Image/Images/bus_0976-l.png,./data_Image/Mask/bus_0976-l.png,Test
./data_Image/Images/bus_0976-r.png,./data_Image/Mask/bus_0976-r.png,Train
./data_Image/Images/bus_0977-l.png,./data_Image/Mask/bus_0977-l.png,Train
./data_Image/Images/bus_0977-r.png,./data_Image/Mask/bus_0977-r.png,Train
./data_Image/Images/bus_0978-l.png,./data_Image/Mask/bus_0978-l.png,Train
./data_Image/Images/bus_0978-r.png,./data_Image/Mask/bus_0978-r.png,Train
./data_Image/Images/bus_0979-l.png,./data_Image/Mask/bus_0979-l.png,Train
./data_Image/Images/bus_0979-r.png,./data_Image/Mask/bus_0979-r.png,Validation
./data_Image/Images/bus_0980-l.png,./data_Image/Mask/bus_0980-l.png,Train
./data_Image/Images/bus_0980-r.png,./data_Image/Mask/bus_0980-r.png,Train
./data_Image/Images/bus_0981-l.png,./data_Image/Mask/bus_0981-l.png,Train
./data_Image/Images/bus_0981-r.png,./data_Image/Mask/bus_0981-r.png,Train
./data_Image/Images/bus_0982-l.png,./data_Image/Mask/bus_0982-l.png,Validation
./data_Image/Images/bus_0982-r.png,./data_Image/Mask/bus_0982-r.png,Train
./data_Image/Images/bus_0983-l.png,./data_Image/Mask/bus_0983-l.png,Train
./data_Image/Images/bus_0983-r.png,./data_Image/Mask/bus_0983-r.png,Train
./data_Image/Images/bus_0984-l.png,./data_Image/Mask/bus_0984-l.png,Train
./data_Image/Images/bus_0984-r.png,./data_Image/Mask/bus_0984-r.png,Validation
./data_Image/Images/bus_0985-l.png,./data_Image/Mask/bus_0985-l.png,Train
./data_Image/Images/bus_0985-r.png,./data_Image/Mask/bus_0985-r.png,Train
./data_Image/Images/bus_0986-l.png,./data_Image/Mask/bus_0986-l.png,Train
./data_Image/Images/bus_0986-r.png,./data_Image/Mask/bus_0986-r.png,Train
./data_Image/Images/bus_0987-l.png,./data_Image/Mask/bus_0987-l.png,Train
./data_Image/Images/bus_0987-r.png,./data_Image/Mask/bus_0987-r.png,Validation
./data_Image/Images/bus_0988-s.png,./data_Image/Mask/bus_0988-s.png,Test
./data_Image/Images/bus_0989-l.png,./data_Image/Mask/bus_0989-l.png,Train
./data_Image/Images/bus_0989-r.png,./data_Image/Mask/bus_0989-r.png,Train
./data_Image/Images/bus_0990-l.png,./data_Image/Mask/bus_0990-l.png,Train
./data_Image/Images/bus_0990-r.png,./data_Image/Mask/bus_0990-r.png,Train
./data_Image/Images/bus_0991-s.png,./data_Image/Mask/bus_0991-s.png,Train
./data_Image/Images/bus_0992-l.png,./data_Image/Mask/bus_0992-l.png,Validation
./data_Image/Images/bus_0992-r.png,./data_Image/Mask/bus_0992-r.png,Train
./data_Image/Images/bus_0993-l.png,./data_Image/Mask/bus_0993-l.png,Test
./data_Image/Images/bus_0993-r.png,./data_Image/Mask/bus_0993-r.png,Train
./data_Image/Images/bus_0994-l.png,./data_Image/Mask/bus_0994-l.png,Train
./data_Image/Images/bus_0994-r.png,./data_Image/Mask/bus_0994-r.png,Train
./data_Image/Images/bus_0995-l.png,./data_Image/Mask/bus_0995-l.png,Train
./data_Image/Images/bus_0995-r.png,./data_Image/Mask/bus_0995-r.png,Validation
./data_Image/Images/bus_0996-l.png,./data_Image/Mask/bus_0996-l.png,Validation
./data_Image/Images/bus_0996-r.png,./data_Image/Mask/bus_0996-r.png,Train
./data_Image/Images/bus_0997-l.png,./data_Image/Mask/bus_0997-l.png,Train
./data_Image/Images/bus_0997-r.png,./data_Image/Mask/bus_0997-r.png,Train
./data_Image/Images/bus_0998-s.png,./data_Image/Mask/bus_0998-s.png,Train
./data_Image/Images/bus_0999-l.png,./data_Image/Mask/bus_0999-l.png,Test
./data_Image/Images/bus_0999-r.png,./data_Image/Mask/bus_0999-r.png,Train
./data_Image/Images/bus_1000-l.png,./data_Image/Mask/bus_1000-l.png,Train
./data_Image/Images/bus_1000-r.png,./data_Image/Mask/bus_1000-r.png,Train
./data_Image/Images/bus_1001-l.png,./data_Image/Mask/bus_1001-l.png,Train
./data_Image/Images/bus_1001-r.png,./data_Image/Mask/bus_1001-r.png,Train
./data_Image/Images/bus_1002-l.png,./data_Image/Mask/bus_1002-l.png,Test
./data_Image/Images/bus_1002-r.png,./data_Image/Mask/bus_1002-r.png,Train
./data_Image/Images/bus_1003-l.png,./data_Image/Mask/bus_1003-l.png,Train
./data_Image/Images/bus_1003-r.png,./data_Image/Mask/bus_1003-r.png,Validation
./data_Image/Images/bus_1004-l.png,./data_Image/Mask/bus_1004-l.png,Validation
./data_Image/Images/bus_1004-r.png,./data_Image/Mask/bus_1004-r.png,Train
./data_Image/Images/bus_1005-s.png,./data_Image/Mask/bus_1005-s.png,Train
./data_Image/Images/bus_1006-l.png,./data_Image/Mask/bus_1006-l.png,Train
./data_Image/Images/bus_1006-r.png,./data_Image/Mask/bus_1006-r.png,Test
./data_Image/Images/bus_1007-l.png,./data_Image/Mask/bus_1007-l.png,Test
./data_Image/Images/bus_1007-r.png,./data_Image/Mask/bus_1007-r.png,Train
./data_Image/Images/bus_1008-l.png,./data_Image/Mask/bus_1008-l.png,Train
./data_Image/Images/bus_1008-r.png,./data_Image/Mask/bus_1008-r.png,Validation
./data_Image/Images/bus_1009-l.png,./data_Image/Mask/bus_1009-l.png,Validation
./data_Image/Images/bus_1009-r.png,./data_Image/Mask/bus_1009-r.png,Validation
./data_Image/Images/bus_1010-l.png,./data_Image/Mask/bus_1010-l.png,Train
./data_Image/Images/bus_1010-r.png,./data_Image/Mask/bus_1010-r.png,Train
./data_Image/Images/bus_1011-l.png,./data_Image/Mask/bus_1011-l.png,Train
./data_Image/Images/bus_1011-r.png,./data_Image/Mask/bus_1011-r.png,Train
./data_Image/Images/bus_1012-l.png,./data_Image/Mask/bus_1012-l.png,Train
./data_Image/Images/bus_1012-r.png,./data_Image/Mask/bus_1012-r.png,Train
./data_Image/Images/bus_1013-l.png,./data_Image/Mask/bus_1013-l.png,Test
./data_Image/Images/bus_1013-r.png,./data_Image/Mask/bus_1013-r.png,Train
./data_Image/Images/bus_1014-l.png,./data_Image/Mask/bus_1014-l.png,Train
./data_Image/Images/bus_1014-r.png,./data_Image/Mask/bus_1014-r.png,Train
./data_Image/Images/bus_1015-s.png,./data_Image/Mask/bus_1015-s.png,Test
./data_Image/Images/bus_1016-l.png,./data_Image/Mask/bus_1016-l.png,Train
./data_Image/Images/bus_1016-r.png,./data_Image/Mask/bus_1016-r.png,Validation
./data_Image/Images/bus_1017-l.png,./data_Image/Mask/bus_1017-l.png,Validation
./data_Image/Images/bus_1017-r.png,./data_Image/Mask/bus_1017-r.png,Train
./data_Image/Images/bus_1018-l.png,./data_Image/Mask/bus_1018-l.png,Train
./data_Image/Images/bus_1018-r.png,./data_Image/Mask/bus_1018-r.png,Train
./data_Image/Images/bus_1019-l.png,./data_Image/Mask/bus_1019-l.png,Train
./data_Image/Images/bus_1019-r.png,./data_Image/Mask/bus_1019-r.png,Validation
./data_Image/Images/bus_1020-l.png,./data_Image/Mask/bus_1020-l.png,Train
./data_Image/Images/bus_1020-r.png,./data_Image/Mask/bus_1020-r.png,Train
./data_Image/Images/bus_1021-l.png,./data_Image/Mask/bus_1021-l.png,Validation
./data_Image/Images/bus_1021-r.png,./data_Image/Mask/bus_1021-r.png,Train
./data_Image/Images/bus_1022-l.png,./data_Image/Mask/bus_1022-l.png,Test
./data_Image/Images/bus_1022-r.png,./data_Image/Mask/bus_1022-r.png,Train
./data_Image/Images/bus_1023-l.png,./data_Image/Mask/bus_1023-l.png,Validation
./data_Image/Images/bus_1023-r.png,./data_Image/Mask/bus_1023-r.png,Test
./data_Image/Images/bus_1024-l.png,./data_Image/Mask/bus_1024-l.png,Test
./data_Image/Images/bus_1024-r.png,./data_Image/Mask/bus_1024-r.png,Validation
./data_Image/Images/bus_1025-l.png,./data_Image/Mask/bus_1025-l.png,Train
./data_Image/Images/bus_1025-r.png,./data_Image/Mask/bus_1025-r.png,Validation
./data_Image/Images/bus_1026-l.png,./data_Image/Mask/bus_1026-l.png,Train
./data_Image/Images/bus_1026-r.png,./data_Image/Mask/bus_1026-r.png,Train
./data_Image/Images/bus_1027-l.png,./data_Image/Mask/bus_1027-l.png,Train
./data_Image/Images/bus_1027-r.png,./data_Image/Mask/bus_1027-r.png,Test
./data_Image/Images/bus_1028-l.png,./data_Image/Mask/bus_1028-l.png,Train
./data_Image/Images/bus_1028-r.png,./data_Image/Mask/bus_1028-r.png,Train
./data_Image/Images/bus_1029-l.png,./data_Image/Mask/bus_1029-l.png,Train
./data_Image/Images/bus_1029-r.png,./data_Image/Mask/bus_1029-r.png,Validation
./data_Image/Images/bus_1030-l.png,./data_Image/Mask/bus_1030-l.png,Train
./data_Image/Images/bus_1030-r.png,./data_Image/Mask/bus_1030-r.png,Train
./data_Image/Images/bus_1031-l.png,./data_Image/Mask/bus_1031-l.png,Train
./data_Image/Images/bus_1031-r.png,./data_Image/Mask/bus_1031-r.png,Train
./data_Image/Images/bus_1032-l.png,./data_Image/Mask/bus_1032-l.png,Test
./data_Image/Images/bus_1032-r.png,./data_Image/Mask/bus_1032-r.png,Test
./data_Image/Images/bus_1033-l.png,./data_Image/Mask/bus_1033-l.png,Train
./data_Image/Images/bus_1033-r.png,./data_Image/Mask/bus_1033-r.png,Train
./data_Image/Images/bus_1034-l.png,./data_Image/Mask/bus_1034-l.png,Test
./data_Image/Images/bus_1034-r.png,./data_Image/Mask/bus_1034-r.png,Train
./data_Image/Images/bus_1035-l.png,./data_Image/Mask/bus_1035-l.png,Validation
./data_Image/Images/bus_1035-r.png,./data_Image/Mask/bus_1035-r.png,Train
./data_Image/Images/bus_1036-l.png,./data_Image/Mask/bus_1036-l.png,Train
./data_Image/Images/bus_1036-r.png,./data_Image/Mask/bus_1036-r.png,Test
./data_Image/Images/bus_1037-l.png,./data_Image/Mask/bus_1037-l.png,Validation
./data_Image/Images/bus_1037-r.png,./data_Image/Mask/bus_1037-r.png,Test
./data_Image/Images/bus_1038-l.png,./data_Image/Mask/bus_1038-l.png,Train
./data_Image/Images/bus_1038-r.png,./data_Image/Mask/bus_1038-r.png,Validation
./data_Image/Images/bus_1039-l.png,./data_Image/Mask/bus_1039-l.png,Validation
./data_Image/Images/bus_1039-r.png,./data_Image/Mask/bus_1039-r.png,Validation
./data_Image/Images/bus_1040-l.png,./data_Image/Mask/bus_1040-l.png,Train
./data_Image/Images/bus_1040-r.png,./data_Image/Mask/bus_1040-r.png,Train
./data_Image/Images/bus_1041-l.png,./data_Image/Mask/bus_1041-l.png,Validation
./data_Image/Images/bus_1041-r.png,./data_Image/Mask/bus_1041-r.png,Train
./data_Image/Images/bus_1042-l.png,./data_Image/Mask/bus_1042-l.png,Train
./data_Image/Images/bus_1042-r.png,./data_Image/Mask/bus_1042-r.png,Train
./data_Image/Images/bus_1043-l.png,./data_Image/Mask/bus_1043-l.png,Train
./data_Image/Images/bus_1043-r.png,./data_Image/Mask/bus_1043-r.png,Train
./data_Image/Images/bus_1044-l.png,./data_Image/Mask/bus_1044-l.png,Test
./data_Image/Images/bus_1044-r.png,./data_Image/Mask/bus_1044-r.png,Train
./data_Image/Images/bus_1045-l.png,./data_Image/Mask/bus_1045-l.png,Train
./data_Image/Images/bus_1045-r.png,./data_Image/Mask/bus_1045-r.png,Train
./data_Image/Images/bus_1046-l.png,./data_Image/Mask/bus_1046-l.png,Validation
./data_Image/Images/bus_1046-r.png,./data_Image/Mask/bus_1046-r.png,Train
./data_Image/Images/bus_1047-l.png,./data_Image/Mask/bus_1047-l.png,Validation
./data_Image/Images/bus_1047-r.png,./data_Image/Mask/bus_1047-r.png,Train
./data_Image/Images/bus_1048-l.png,./data_Image/Mask/bus_1048-l.png,Validation
./data_Image/Images/bus_1048-r.png,./data_Image/Mask/bus_1048-r.png,Test
./data_Image/Images/bus_1049-l.png,./data_Image/Mask/bus_1049-l.png,Train
./data_Image/Images/bus_1049-r.png,./data_Image/Mask/bus_1049-r.png,Train
./data_Image/Images/bus_1050-l.png,./data_Image/Mask/bus_1050-l.png,Train
./data_Image/Images/bus_1050-r.png,./data_Image/Mask/bus_1050-r.png,Validation
./data_Image/Images/bus_1051-l.png,./data_Image/Mask/bus_1051-l.png,Train
./data_Image/Images/bus_1051-r.png,./data_Image/Mask/bus_1051-r.png,Train
./data_Image/Images/bus_1052-l.png,./data_Image/Mask/bus_1052-l.png,Validation
./data_Image/Images/bus_1052-r.png,./data_Image/Mask/bus_1052-r.png,Train
./data_Image/Images/bus_1053-s.png,./data_Image/Mask/bus_1053-s.png,Train
./data_Image/Images/bus_1054-l.png,./data_Image/Mask/bus_1054-l.png,Test
./data_Image/Images/bus_1054-r.png,./data_Image/Mask/bus_1054-r.png,Train
./data_Image/Images/bus_1055-l.png,./data_Image/Mask/bus_1055-l.png,Train
./data_Image/Images/bus_1055-r.png,./data_Image/Mask/bus_1055-r.png,Train
./data_Image/Images/bus_1056-l.png,./data_Image/Mask/bus_1056-l.png,Test
./data_Image/Images/bus_1056-r.png,./data_Image/Mask/bus_1056-r.png,Validation
./data_Image/Images/bus_1057-l.png,./data_Image/Mask/bus_1057-l.png,Test
./data_Image/Images/bus_1057-r.png,./data_Image/Mask/bus_1057-r.png,Validation
./data_Image/Images/bus_1058-l.png,./data_Image/Mask/bus_1058-l.png,Test
./data_Image/Images/bus_1058-r.png,./data_Image/Mask/bus_1058-r.png,Train
./data_Image/Images/bus_1059-l.png,./data_Image/Mask/bus_1059-l.png,Train
./data_Image/Images/bus_1059-r.png,./data_Image/Mask/bus_1059-r.png,Train
./data_Image/Images/bus_1060-s.png,./data_Image/Mask/bus_1060-s.png,Train
./data_Image/Images/bus_1061-l.png,./data_Image/Mask/bus_1061-l.png,Train
./data_Image/Images/bus_1061-r.png,./data_Image/Mask/bus_1061-r.png,Train
./data_Image/Images/bus_1062-l.png,./data_Image/Mask/bus_1062-l.png,Train
./data_Image/Images/bus_1062-r.png,./data_Image/Mask/bus_1062-r.png,Train
./data_Image/Images/bus_1063-l.png,./data_Image/Mask/bus_1063-l.png,Validation
./data_Image/Images/bus_1063-r.png,./data_Image/Mask/bus_1063-r.png,Train
./data_Image/Images/bus_1064-l.png,./data_Image/Mask/bus_1064-l.png,Validation
./data_Image/Images/bus_1064-r.png,./data_Image/Mask/bus_1064-r.png,Train
